-- MySQL Script generated by MySQL Workbench
-- Fri Dec  1 09:30:07 2023
-- Model: New Model    Version: 1.0
-- MySQL Workbench Forward Engineering

SET @OLD_UNIQUE_CHECKS=@@UNIQUE_CHECKS, UNIQUE_CHECKS=0;
SET @OLD_FOREIGN_KEY_CHECKS=@@FOREIGN_KEY_CHECKS, FOREIGN_KEY_CHECKS=0;
SET @OLD_SQL_MODE=@@SQL_MODE, SQL_MODE='ONLY_FULL_GROUP_BY,STRICT_TRANS_TABLES,NO_ZERO_IN_DATE,NO_ZERO_DATE,ERROR_FOR_DIVISION_BY_ZERO,NO_ENGINE_SUBSTITUTION';

-- -----------------------------------------------------
-- Schema db_hr_control_system
-- -----------------------------------------------------

-- -----------------------------------------------------
-- Schema db_hr_control_system
-- -----------------------------------------------------
CREATE SCHEMA IF NOT EXISTS `db_hr_control_system` DEFAULT CHARACTER SET utf8 ;
USE `db_hr_control_system` ;

-- -----------------------------------------------------
-- Table `db_hr_control_system`.`sys_roles`
-- -----------------------------------------------------
DROP TABLE IF EXISTS `db_hr_control_system`.`sys_roles` ;

CREATE TABLE IF NOT EXISTS `db_hr_control_system`.`sys_roles` (
  `id_rol` INT UNSIGNED NOT NULL AUTO_INCREMENT,
  `nombre` VARCHAR(15) NOT NULL,
  PRIMARY KEY (`id_rol`))
ENGINE = InnoDB;


-- -----------------------------------------------------
-- Table `db_hr_control_system`.`sys_usuarios`
-- -----------------------------------------------------
DROP TABLE IF EXISTS `db_hr_control_system`.`sys_usuarios` ;

CREATE TABLE IF NOT EXISTS `db_hr_control_system`.`sys_usuarios` (
  `id_usuario` INT UNSIGNED NOT NULL AUTO_INCREMENT,
  `email` VARCHAR(45) NOT NULL,
  `password` VARCHAR(72) NOT NULL,
  `tokenActual` VARCHAR(255) NULL,
  `creacion` TIMESTAMP NOT NULL DEFAULT NOW(),
  `ultimoLogin` TIMESTAMP NULL,
  `nombre` VARCHAR(40) NOT NULL,
  `apellidoP` VARCHAR(20) NOT NULL,
  `apellidoM` VARCHAR(20) NOT NULL,
  `tokenCambiarContraseña` VARCHAR(255) NULL,
  `tiempoTokenContraseña` TIME NULL,
  `activo` BIT(1) NOT NULL DEFAULT b'1',
  `id_rol` INT UNSIGNED NOT NULL,
  PRIMARY KEY (`id_usuario`),
  INDEX `fk_sys_usuarios_sys_roles_idx` (`id_rol` ASC) VISIBLE,
  CONSTRAINT `fk_rol`
    FOREIGN KEY (`id_rol`)
    REFERENCES `db_hr_control_system`.`sys_roles` (`id_rol`)
    ON DELETE RESTRICT
    ON UPDATE CASCADE)
ENGINE = InnoDB;


-- -----------------------------------------------------
-- Table `db_hr_control_system`.`sys_grupos`
-- -----------------------------------------------------
DROP TABLE IF EXISTS `db_hr_control_system`.`sys_grupos` ;

CREATE TABLE IF NOT EXISTS `db_hr_control_system`.`sys_grupos` (
  `id_grupo` INT UNSIGNED NOT NULL AUTO_INCREMENT,
  `nombre` VARCHAR(20) NOT NULL,
  `email` VARCHAR(45) NULL,
  `telefono` CHAR(10) NULL,
  `creacion` TIMESTAMP NOT NULL DEFAULT NOW(),
  PRIMARY KEY (`id_grupo`))
ENGINE = InnoDB;


-- -----------------------------------------------------
-- Table `db_hr_control_system`.`sys_usuarios_grupos`
-- -----------------------------------------------------
DROP TABLE IF EXISTS `db_hr_control_system`.`sys_usuarios_grupos` ;

CREATE TABLE IF NOT EXISTS `db_hr_control_system`.`sys_usuarios_grupos` (
  `id_grupo` INT UNSIGNED NOT NULL,
  `id_usuario` INT UNSIGNED NOT NULL,
  PRIMARY KEY (`id_grupo`, `id_usuario`),
  INDEX `fk_sys_usuarios_has_sys_grupos_sys_grupos1_idx` (`id_grupo` ASC) VISIBLE,
  INDEX `fk_sys_usuarios_has_sys_grupos_sys_usuarios1_idx` (`id_usuario` ASC) VISIBLE,
  CONSTRAINT `fk_sys_usuarios_has_sys_grupos_sys_usuarios1`
    FOREIGN KEY (`id_usuario`)
    REFERENCES `db_hr_control_system`.`sys_usuarios` (`id_usuario`)
    ON DELETE CASCADE
    ON UPDATE CASCADE,
  CONSTRAINT `fk_sys_usuarios_has_sys_grupos_sys_grupos1`
    FOREIGN KEY (`id_grupo`)
    REFERENCES `db_hr_control_system`.`sys_grupos` (`id_grupo`)
    ON DELETE CASCADE
    ON UPDATE CASCADE)
ENGINE = InnoDB;


-- -----------------------------------------------------
-- Table `db_hr_control_system`.`sys_notificaciones`
-- -----------------------------------------------------
DROP TABLE IF EXISTS `db_hr_control_system`.`sys_notificaciones` ;

CREATE TABLE IF NOT EXISTS `db_hr_control_system`.`sys_notificaciones` (
  `id_notificacion` INT UNSIGNED NOT NULL AUTO_INCREMENT,
  `mensaje` VARCHAR(400) NOT NULL,
  `creacion` TIMESTAMP NOT NULL DEFAULT NOW(),
  `publicacion` TIMESTAMP NULL,
  `id_usuario` INT UNSIGNED NULL,
  `id_grupo` INT UNSIGNED NOT NULL,
  PRIMARY KEY (`id_notificacion`),
  INDEX `fk_sys_notificaciones_sys_usuarios1_idx` (`id_usuario` ASC) VISIBLE,
  INDEX `fk_sys_notificaciones_sys_grupos1_idx` (`id_grupo` ASC) VISIBLE,
  CONSTRAINT `fk_sys_notificaciones_sys_usuarios1`
    FOREIGN KEY (`id_usuario`)
    REFERENCES `db_hr_control_system`.`sys_usuarios` (`id_usuario`)
    ON DELETE SET NULL
    ON UPDATE CASCADE,
  CONSTRAINT `fk_sys_notificaciones_sys_grupos1`
    FOREIGN KEY (`id_grupo`)
    REFERENCES `db_hr_control_system`.`sys_grupos` (`id_grupo`)
    ON DELETE CASCADE
    ON UPDATE CASCADE)
ENGINE = InnoDB;


-- -----------------------------------------------------
-- Table `db_hr_control_system`.`hr_empresas`
-- -----------------------------------------------------
DROP TABLE IF EXISTS `db_hr_control_system`.`hr_empresas` ;

CREATE TABLE IF NOT EXISTS `db_hr_control_system`.`hr_empresas` (
  `id_empresa` INT UNSIGNED NOT NULL AUTO_INCREMENT,
  `razonSocial` VARCHAR(100) NOT NULL,
  `rfc` CHAR(13) NOT NULL,
  `giroComercial` VARCHAR(50) NOT NULL,
  `contacto` VARCHAR(70) NOT NULL,
  `telefono` CHAR(10) NOT NULL,
  `email` VARCHAR(45) NOT NULL,
  `fax` VARCHAR(45) NULL,
  `web` VARCHAR(50) NULL,
  `calle` VARCHAR(45) NOT NULL,
  `colonia` VARCHAR(40) NOT NULL,
  `poblacion` VARCHAR(30) NOT NULL,
  `estado` TINYINT NOT NULL,
  `logo` BLOB NULL,
  PRIMARY KEY (`id_empresa`))
ENGINE = InnoDB;


-- -----------------------------------------------------
-- Table `db_hr_control_system`.`sys_usuarios_empresas`
-- -----------------------------------------------------
DROP TABLE IF EXISTS `db_hr_control_system`.`sys_usuarios_empresas` ;

CREATE TABLE IF NOT EXISTS `db_hr_control_system`.`sys_usuarios_empresas` (
  `id_usuario` INT UNSIGNED NOT NULL,
  `id_empresa` INT UNSIGNED NOT NULL,
  `activo` BIT(1) NOT NULL DEFAULT b'1',
  PRIMARY KEY (`id_usuario`, `id_empresa`),
  INDEX `fk_sys_usuarios_has_hr_empresas_hr_empresas1_idx` (`id_empresa` ASC) VISIBLE,
  INDEX `fk_sys_usuarios_has_hr_empresas_sys_usuarios1_idx` (`id_usuario` ASC) VISIBLE,
  CONSTRAINT `fk_sys_usuarios_has_hr_empresas_sys_usuarios1`
    FOREIGN KEY (`id_usuario`)
    REFERENCES `db_hr_control_system`.`sys_usuarios` (`id_usuario`)
    ON DELETE CASCADE
    ON UPDATE CASCADE,
  CONSTRAINT `fk_sys_usuarios_has_hr_empresas_hr_empresas1`
    FOREIGN KEY (`id_empresa`)
    REFERENCES `db_hr_control_system`.`hr_empresas` (`id_empresa`)
    ON DELETE RESTRICT
    ON UPDATE CASCADE)
ENGINE = InnoDB;


-- -----------------------------------------------------
-- Table `db_hr_control_system`.`hr_unidades`
-- -----------------------------------------------------
DROP TABLE IF EXISTS `db_hr_control_system`.`hr_unidades` ;

CREATE TABLE IF NOT EXISTS `db_hr_control_system`.`hr_unidades` (
  `id_unidad` INT UNSIGNED NOT NULL AUTO_INCREMENT,
  `nombre` VARCHAR(40) NOT NULL,
  `tipo` VARCHAR(30) NOT NULL,
  `poblacion` VARCHAR(40) NOT NULL,
  `estado` TINYINT NOT NULL,
  `region` VARCHAR(30) NULL,
  `id_empresa` INT UNSIGNED NOT NULL,
  PRIMARY KEY (`id_unidad`),
  INDEX `fk_hr_unidades_hr_empresas1_idx` (`id_empresa` ASC) VISIBLE,
  CONSTRAINT `fk_hr_unidades_hr_empresas1`
    FOREIGN KEY (`id_empresa`)
    REFERENCES `db_hr_control_system`.`hr_empresas` (`id_empresa`)
    ON DELETE CASCADE
    ON UPDATE CASCADE)
ENGINE = InnoDB;


-- -----------------------------------------------------
-- Table `db_hr_control_system`.`hr_departamentos`
-- -----------------------------------------------------
DROP TABLE IF EXISTS `db_hr_control_system`.`hr_departamentos` ;

CREATE TABLE IF NOT EXISTS `db_hr_control_system`.`hr_departamentos` (
  `id_departamento` INT UNSIGNED NOT NULL AUTO_INCREMENT,
  `nombre` VARCHAR(40) NOT NULL,
  `id_empresa` INT UNSIGNED NOT NULL,
  PRIMARY KEY (`id_departamento`),
  INDEX `fk_hr_departamentos_hr_empresas1_idx` (`id_empresa` ASC) VISIBLE,
  CONSTRAINT `fk_hr_departamentos_hr_empresas1`
    FOREIGN KEY (`id_empresa`)
    REFERENCES `db_hr_control_system`.`hr_empresas` (`id_empresa`)
    ON DELETE CASCADE
    ON UPDATE CASCADE)
ENGINE = InnoDB;


-- -----------------------------------------------------
-- Table `db_hr_control_system`.`hr_puestos`
-- -----------------------------------------------------
DROP TABLE IF EXISTS `db_hr_control_system`.`hr_puestos` ;

CREATE TABLE IF NOT EXISTS `db_hr_control_system`.`hr_puestos` (
  `id_puesto` INT UNSIGNED NOT NULL AUTO_INCREMENT,
  `nombre` VARCHAR(30) NOT NULL,
  `sueldoSug` FLOAT NOT NULL,
  `sueldoMax` FLOAT NULL,
  `riesgo` TINYINT NOT NULL,
  `id_empresa` INT UNSIGNED NOT NULL,
  PRIMARY KEY (`id_puesto`),
  INDEX `fk_hr_puestos_hr_empresas1_idx` (`id_empresa` ASC) VISIBLE,
  CONSTRAINT `fk_hr_puestos_hr_empresas1`
    FOREIGN KEY (`id_empresa`)
    REFERENCES `db_hr_control_system`.`hr_empresas` (`id_empresa`)
    ON DELETE CASCADE
    ON UPDATE CASCADE)
ENGINE = InnoDB;


-- -----------------------------------------------------
-- Table `db_hr_control_system`.`hr_tipos_empleados`
-- -----------------------------------------------------
DROP TABLE IF EXISTS `db_hr_control_system`.`hr_tipos_empleados` ;

CREATE TABLE IF NOT EXISTS `db_hr_control_system`.`hr_tipos_empleados` (
  `id_tipo_empleado` INT UNSIGNED NOT NULL AUTO_INCREMENT,
  `nombre` VARCHAR(40) NOT NULL,
  `id_empresa` INT UNSIGNED NOT NULL,
  PRIMARY KEY (`id_tipo_empleado`),
  INDEX `fk_hr_tipos_empleados_hr_empresas1_idx` (`id_empresa` ASC) VISIBLE,
  CONSTRAINT `fk_hr_tipos_empleados_hr_empresas1`
    FOREIGN KEY (`id_empresa`)
    REFERENCES `db_hr_control_system`.`hr_empresas` (`id_empresa`)
    ON DELETE CASCADE
    ON UPDATE CASCADE)
ENGINE = InnoDB;


-- -----------------------------------------------------
-- Table `db_hr_control_system`.`hr_horarios`
-- -----------------------------------------------------
DROP TABLE IF EXISTS `db_hr_control_system`.`hr_horarios` ;

CREATE TABLE IF NOT EXISTS `db_hr_control_system`.`hr_horarios` (
  `id_horario` INT UNSIGNED NOT NULL AUTO_INCREMENT,
  `descripcion` VARCHAR(50) NOT NULL,
  `conComida` BIT(1) NOT NULL,
  `estado` BIT(1) NOT NULL,
  `id_empresa` INT UNSIGNED NOT NULL,
  PRIMARY KEY (`id_horario`),
  INDEX `fk_hr_horarios_hr_empresas1_idx` (`id_empresa` ASC) VISIBLE,
  CONSTRAINT `fk_hr_horarios_hr_empresas1`
    FOREIGN KEY (`id_empresa`)
    REFERENCES `db_hr_control_system`.`hr_empresas` (`id_empresa`)
    ON DELETE CASCADE
    ON UPDATE CASCADE)
ENGINE = InnoDB;


-- -----------------------------------------------------
-- Table `db_hr_control_system`.`hr_detalles_horarios`
-- -----------------------------------------------------
DROP TABLE IF EXISTS `db_hr_control_system`.`hr_detalles_horarios` ;

CREATE TABLE IF NOT EXISTS `db_hr_control_system`.`hr_detalles_horarios` (
  `id_horario` INT UNSIGNED NOT NULL,
  `dia` TINYINT NOT NULL,
  `inicio` TIME NOT NULL,
  `fin` TIME NOT NULL,
  `toleranciaIn` TINYINT NULL,
  `toleranciaFin` TINYINT NULL,
  `tipo` BIT(1) NOT NULL,
  INDEX `fk_hr_detalles_horarios_hr_horarios1_idx` (`id_horario` ASC) VISIBLE,
  CONSTRAINT `fk_hr_detalles_horarios_hr_horarios1`
    FOREIGN KEY (`id_horario`)
    REFERENCES `db_hr_control_system`.`hr_horarios` (`id_horario`)
    ON DELETE CASCADE
    ON UPDATE CASCADE)
ENGINE = InnoDB;


-- -----------------------------------------------------
-- Table `db_hr_control_system`.`att_empleado`
-- -----------------------------------------------------
DROP TABLE IF EXISTS `db_hr_control_system`.`att_empleado` ;

CREATE TABLE IF NOT EXISTS `db_hr_control_system`.`att_empleado` (
  `emp_id` INT UNSIGNED NOT NULL AUTO_INCREMENT,
  `emp_pin` SMALLINT UNSIGNED NULL,
  `emp_code` VARCHAR(64) NULL,
  `emp_role` VARCHAR(64) NULL,
  `emp_firstname` VARCHAR(64) NULL,
  `emp_lastname` VARCHAR(64) NULL,
  `emp_username` VARCHAR(64) NULL,
  `emp_pwd` VARCHAR(64) NULL,
  `emp_privilege` VARCHAR(64) NULL,
  `emp_group` VARCHAR(64) NULL,
  `emp_active` TINYINT NULL,
  `emp_cardNumber` VARCHAR(64) NULL,
  `IsSelect` INT UNSIGNED NULL,
  PRIMARY KEY (`emp_id`))
ENGINE = InnoDB;


-- -----------------------------------------------------
-- Table `db_hr_control_system`.`hr_empleados`
-- -----------------------------------------------------
DROP TABLE IF EXISTS `db_hr_control_system`.`hr_empleados` ;

CREATE TABLE IF NOT EXISTS `db_hr_control_system`.`hr_empleados` (
  `id_empleado` INT UNSIGNED NOT NULL AUTO_INCREMENT,
  `id_usuario` INT UNSIGNED NOT NULL,
  `telefono` CHAR(10) NOT NULL,
  `telefono2` CHAR(10) NULL,
  `email2` VARCHAR(45) NULL,
  `rfc` CHAR(13) NOT NULL,
  `curp` CHAR(18) NOT NULL,
  `sexo` BIT(1) NOT NULL,
  `estadoCivil` BIT(3) NOT NULL,
  `cumpleaños` DATE NOT NULL,
  `lugarNatal` TINYINT NOT NULL,
  `calle` VARCHAR(40) NOT NULL,
  `colonia` VARCHAR(40) NOT NULL,
  `poblacion` VARCHAR(40) NOT NULL,
  `ciudad` VARCHAR(40) NOT NULL,
  `estado` TINYINT NOT NULL,
  `codigoPostal` CHAR(5) NOT NULL,
  `nombreEmergencia` VARCHAR(80) NOT NULL,
  `dirEmergencia` VARCHAR(150) NOT NULL,
  `telEmergencia` CHAR(10) NOT NULL,
  `imss` CHAR(11) NOT NULL,
  `tipoSangre` CHAR(3) NOT NULL,
  `enfermedades` VARCHAR(300) NULL,
  `fonacot` VARCHAR(15) NULL,
  `unidadMedica` TINYINT NOT NULL,
  `alta` DATE NOT NULL DEFAULT (NOW()),
  `altaFiscal` DATE NOT NULL,
  `contratoInicio` DATE NOT NULL,
  `contratoFin` DATE NOT NULL,
  `sueldo` FLOAT NOT NULL,
  `formaPago` CHAR(1) NOT NULL,
  `pensAlimenticia` BIT(1) NOT NULL,
  `nomClave` VARCHAR(10) NULL,
  `nomBanco` SMALLINT NULL,
  `nomLocalidad` VARCHAR(20) NULL,
  `nomReferencia` CHAR(16) NULL,
  `nomCuenta` CHAR(16) NULL,
  `id_unidad` INT UNSIGNED NOT NULL,
  `id_departamento` INT UNSIGNED NOT NULL,
  `id_puesto` INT UNSIGNED NOT NULL,
  `id_tipo_empleado` INT UNSIGNED NOT NULL,
  `id_horario` INT UNSIGNED NOT NULL,
  `id_empresa` INT UNSIGNED NOT NULL,
  `id_terminal_user` INT UNSIGNED NOT NULL,
  PRIMARY KEY (`id_empleado`),
  INDEX `fk_hr_empleados_sys_usuarios1_idx` (`id_usuario` ASC) VISIBLE,
  INDEX `fk_hr_empleados_hr_unidades1_idx` (`id_unidad` ASC) VISIBLE,
  INDEX `fk_hr_empleados_hr_departamentos1_idx` (`id_departamento` ASC) VISIBLE,
  INDEX `fk_hr_empleados_hr_puestos1_idx` (`id_puesto` ASC) VISIBLE,
  INDEX `fk_hr_empleados_hr_tipos_empleados1_idx` (`id_tipo_empleado` ASC) VISIBLE,
  INDEX `fk_hr_empleados_hr_horarios1_idx` (`id_horario` ASC) VISIBLE,
  INDEX `fk_hr_empleados_hr_empresas1_idx` (`id_empresa` ASC) VISIBLE,
  INDEX `fk_hr_empleados_att_empleado1_idx` (`id_terminal_user` ASC) VISIBLE,
  CONSTRAINT `fk_hr_empleados_sys_usuarios1`
    FOREIGN KEY (`id_usuario`)
    REFERENCES `db_hr_control_system`.`sys_usuarios` (`id_usuario`)
    ON DELETE RESTRICT
    ON UPDATE CASCADE,
  CONSTRAINT `fk_hr_empleados_hr_unidades1`
    FOREIGN KEY (`id_unidad`)
    REFERENCES `db_hr_control_system`.`hr_unidades` (`id_unidad`)
    ON DELETE RESTRICT
    ON UPDATE CASCADE,
  CONSTRAINT `fk_hr_empleados_hr_departamentos1`
    FOREIGN KEY (`id_departamento`)
    REFERENCES `db_hr_control_system`.`hr_departamentos` (`id_departamento`)
    ON DELETE RESTRICT
    ON UPDATE CASCADE,
  CONSTRAINT `fk_hr_empleados_hr_puestos1`
    FOREIGN KEY (`id_puesto`)
    REFERENCES `db_hr_control_system`.`hr_puestos` (`id_puesto`)
    ON DELETE RESTRICT
    ON UPDATE CASCADE,
  CONSTRAINT `fk_hr_empleados_hr_tipos_empleados1`
    FOREIGN KEY (`id_tipo_empleado`)
    REFERENCES `db_hr_control_system`.`hr_tipos_empleados` (`id_tipo_empleado`)
    ON DELETE RESTRICT
    ON UPDATE CASCADE,
  CONSTRAINT `fk_hr_empleados_hr_horarios1`
    FOREIGN KEY (`id_horario`)
    REFERENCES `db_hr_control_system`.`hr_horarios` (`id_horario`)
    ON DELETE RESTRICT
    ON UPDATE CASCADE,
  CONSTRAINT `fk_hr_empleados_hr_empresas1`
    FOREIGN KEY (`id_empresa`)
    REFERENCES `db_hr_control_system`.`hr_empresas` (`id_empresa`)
    ON DELETE CASCADE
    ON UPDATE CASCADE,
  CONSTRAINT `fk_hr_empleados_att_empleado1`
    FOREIGN KEY (`id_terminal_user`)
    REFERENCES `db_hr_control_system`.`att_empleado` (`emp_id`)
    ON DELETE RESTRICT
    ON UPDATE CASCADE)
ENGINE = InnoDB;


-- -----------------------------------------------------
-- Table `db_hr_control_system`.`hr_imagenes`
-- -----------------------------------------------------
DROP TABLE IF EXISTS `db_hr_control_system`.`hr_imagenes` ;

CREATE TABLE IF NOT EXISTS `db_hr_control_system`.`hr_imagenes` (
  `id_imagen` INT UNSIGNED NOT NULL AUTO_INCREMENT,
  `info` MEDIUMBLOB NOT NULL,
  `id_empleado` INT UNSIGNED NOT NULL,
  PRIMARY KEY (`id_imagen`),
  INDEX `fk_hr_imagenes_hr_empleados1_idx` (`id_empleado` ASC) VISIBLE,
  CONSTRAINT `fk_hr_imagenes_hr_empleados1`
    FOREIGN KEY (`id_empleado`)
    REFERENCES `db_hr_control_system`.`hr_empleados` (`id_empleado`)
    ON DELETE CASCADE
    ON UPDATE CASCADE)
ENGINE = InnoDB;


-- -----------------------------------------------------
-- Table `db_hr_control_system`.`hr_documentos`
-- -----------------------------------------------------
DROP TABLE IF EXISTS `db_hr_control_system`.`hr_documentos` ;

CREATE TABLE IF NOT EXISTS `db_hr_control_system`.`hr_documentos` (
  `id_documento` INT UNSIGNED NOT NULL AUTO_INCREMENT,
  `nombre` VARCHAR(40) NOT NULL,
  `tipo` TINYINT NOT NULL,
  `info` LONGBLOB NOT NULL,
  `id_empleado` INT UNSIGNED NOT NULL,
  PRIMARY KEY (`id_documento`),
  INDEX `fk_hr_documentos_hr_empleados1_idx` (`id_empleado` ASC) VISIBLE,
  CONSTRAINT `fk_hr_documentos_hr_empleados1`
    FOREIGN KEY (`id_empleado`)
    REFERENCES `db_hr_control_system`.`hr_empleados` (`id_empleado`)
    ON DELETE CASCADE
    ON UPDATE CASCADE)
ENGINE = InnoDB;


-- -----------------------------------------------------
-- Table `db_hr_control_system`.`hr_familiares`
-- -----------------------------------------------------
DROP TABLE IF EXISTS `db_hr_control_system`.`hr_familiares` ;

CREATE TABLE IF NOT EXISTS `db_hr_control_system`.`hr_familiares` (
  `id_familiar` INT UNSIGNED NOT NULL AUTO_INCREMENT,
  `nombre` VARCHAR(40) NOT NULL,
  `apellidoP` VARCHAR(20) NOT NULL,
  `apellidoM` VARCHAR(20) NOT NULL,
  `parentesco` TINYINT NOT NULL,
  `telefono` CHAR(10) NULL,
  `telefono2` CHAR(10) NULL,
  `id_empleado` INT UNSIGNED NOT NULL,
  PRIMARY KEY (`id_familiar`),
  INDEX `fk_hr_familiares_hr_empleados1_idx` (`id_empleado` ASC) VISIBLE,
  CONSTRAINT `fk_hr_familiares_hr_empleados1`
    FOREIGN KEY (`id_empleado`)
    REFERENCES `db_hr_control_system`.`hr_empleados` (`id_empleado`)
    ON DELETE CASCADE
    ON UPDATE CASCADE)
ENGINE = InnoDB;


-- -----------------------------------------------------
-- Table `db_hr_control_system`.`hr_vacaciones`
-- -----------------------------------------------------
DROP TABLE IF EXISTS `db_hr_control_system`.`hr_vacaciones` ;

CREATE TABLE IF NOT EXISTS `db_hr_control_system`.`hr_vacaciones` (
  `id_empleado` INT UNSIGNED NOT NULL,
  `id_empresa` INT UNSIGNED NOT NULL,
  `años_totales` TINYINT NOT NULL DEFAULT 0,
  `dias_disponibles` TINYINT NOT NULL DEFAULT 0,
  INDEX `fk_hr_vacaciones_hr_empresas1_idx` (`id_empresa` ASC) VISIBLE,
  INDEX `fk_hr_vacaciones_hr_empleados1_idx` (`id_empleado` ASC) VISIBLE,
  PRIMARY KEY (`id_empleado`),
  CONSTRAINT `fk_hr_vacaciones_hr_empresas1`
    FOREIGN KEY (`id_empresa`)
    REFERENCES `db_hr_control_system`.`hr_empresas` (`id_empresa`)
    ON DELETE CASCADE
    ON UPDATE CASCADE,
  CONSTRAINT `fk_hr_vacaciones_hr_empleados1`
    FOREIGN KEY (`id_empleado`)
    REFERENCES `db_hr_control_system`.`hr_empleados` (`id_empleado`)
    ON DELETE CASCADE
    ON UPDATE CASCADE)
ENGINE = InnoDB;


-- -----------------------------------------------------
-- Table `db_hr_control_system`.`hr_incidencias`
-- -----------------------------------------------------
DROP TABLE IF EXISTS `db_hr_control_system`.`hr_incidencias` ;

CREATE TABLE IF NOT EXISTS `db_hr_control_system`.`hr_incidencias` (
  `id_incidencia` INT UNSIGNED NOT NULL AUTO_INCREMENT,
  `clave` VARCHAR(5) NOT NULL,
  `afectaNomina` BIT(1) NOT NULL,
  `nombre` VARCHAR(40) NOT NULL,
  `fechaIn` DATE NOT NULL DEFAULT (CURRENT_DATE()),
  `id_empleado` INT UNSIGNED NULL,
  PRIMARY KEY (`id_incidencia`),
  INDEX `fk_hr_incidencias_hr_empleados1_idx` (`id_empleado` ASC) VISIBLE,
  CONSTRAINT `fk_hr_incidencias_hr_empleados1`
    FOREIGN KEY (`id_empleado`)
    REFERENCES `db_hr_control_system`.`hr_empleados` (`id_empleado`)
    ON DELETE CASCADE
    ON UPDATE CASCADE)
ENGINE = InnoDB;


-- -----------------------------------------------------
-- Table `db_hr_control_system`.`hr_movimientos_vacaciones`
-- -----------------------------------------------------
DROP TABLE IF EXISTS `db_hr_control_system`.`hr_movimientos_vacaciones` ;

CREATE TABLE IF NOT EXISTS `db_hr_control_system`.`hr_movimientos_vacaciones` (
  `id_movimiento_vacaciones` INT UNSIGNED NOT NULL AUTO_INCREMENT,
  `tipo` BIT(1) NOT NULL,
  `dias` TINYINT NOT NULL,
  `inicio` DATE NULL,
  `fin` DATE NULL,
  `pago` DATE NULL,
  `id_incidencia` INT UNSIGNED NOT NULL,
  `id_empresa` INT UNSIGNED NOT NULL,
  PRIMARY KEY (`id_movimiento_vacaciones`),
  INDEX `fk_hr_mov_vacaciones_hr_incidencias1_idx` (`id_incidencia` ASC) VISIBLE,
  UNIQUE INDEX `dias_UNIQUE` (`dias` ASC) VISIBLE,
  INDEX `fk_hr_movimientos_vacaciones_hr_empresas1_idx` (`id_empresa` ASC) VISIBLE,
  CONSTRAINT `fk_hr_mov_vacaciones_hr_incidencias1`
    FOREIGN KEY (`id_incidencia`)
    REFERENCES `db_hr_control_system`.`hr_incidencias` (`id_incidencia`)
    ON DELETE CASCADE
    ON UPDATE CASCADE,
  CONSTRAINT `fk_hr_movimientos_vacaciones_hr_empresas1`
    FOREIGN KEY (`id_empresa`)
    REFERENCES `db_hr_control_system`.`hr_empresas` (`id_empresa`)
    ON DELETE CASCADE
    ON UPDATE CASCADE)
ENGINE = InnoDB;


-- -----------------------------------------------------
-- Table `db_hr_control_system`.`hr_faltas`
-- -----------------------------------------------------
DROP TABLE IF EXISTS `db_hr_control_system`.`hr_faltas` ;

CREATE TABLE IF NOT EXISTS `db_hr_control_system`.`hr_faltas` (
  `id_falta` INT UNSIGNED NOT NULL AUTO_INCREMENT,
  `descripcion` VARCHAR(200) NOT NULL,
  `observaciones` VARCHAR(250) NULL,
  `fecha` DATE NOT NULL DEFAULT (CURRENT_DATE()),
  `esIncapacidad` BIT(1) NOT NULL,
  `id_incidencia` INT UNSIGNED NOT NULL,
  `id_empresa` INT UNSIGNED NOT NULL,
  PRIMARY KEY (`id_falta`),
  INDEX `fk_hr_faltas_hr_empresas1_idx` (`id_empresa` ASC) VISIBLE,
  INDEX `fk_hr_faltas_hr_incidencias1_idx` (`id_incidencia` ASC) VISIBLE,
  CONSTRAINT `fk_hr_faltas_hr_empresas1`
    FOREIGN KEY (`id_empresa`)
    REFERENCES `db_hr_control_system`.`hr_empresas` (`id_empresa`)
    ON DELETE CASCADE
    ON UPDATE CASCADE,
  CONSTRAINT `fk_hr_faltas_hr_incidencias1`
    FOREIGN KEY (`id_incidencia`)
    REFERENCES `db_hr_control_system`.`hr_incidencias` (`id_incidencia`)
    ON DELETE CASCADE
    ON UPDATE CASCADE)
ENGINE = InnoDB;


-- -----------------------------------------------------
-- Table `db_hr_control_system`.`hr_capacitaciones`
-- -----------------------------------------------------
DROP TABLE IF EXISTS `db_hr_control_system`.`hr_capacitaciones` ;

CREATE TABLE IF NOT EXISTS `db_hr_control_system`.`hr_capacitaciones` (
  `id_capacitacion` INT UNSIGNED NOT NULL AUTO_INCREMENT,
  `nombre` VARCHAR(50) NOT NULL,
  `descripcion` VARCHAR(300) NULL,
  `id_empresa` INT UNSIGNED NOT NULL,
  PRIMARY KEY (`id_capacitacion`),
  INDEX `fk_hr_capacitaciones_hr_empresas1_idx` (`id_empresa` ASC) VISIBLE,
  CONSTRAINT `fk_hr_capacitaciones_hr_empresas1`
    FOREIGN KEY (`id_empresa`)
    REFERENCES `db_hr_control_system`.`hr_empresas` (`id_empresa`)
    ON DELETE CASCADE
    ON UPDATE CASCADE)
ENGINE = InnoDB;


-- -----------------------------------------------------
-- Table `db_hr_control_system`.`hr_dias_feriados`
-- -----------------------------------------------------
DROP TABLE IF EXISTS `db_hr_control_system`.`hr_dias_feriados` ;

CREATE TABLE IF NOT EXISTS `db_hr_control_system`.`hr_dias_feriados` (
  `id_dia_feriado` INT UNSIGNED NOT NULL AUTO_INCREMENT,
  `nombre` VARCHAR(40) NOT NULL,
  `tipo` BIT(1) NOT NULL,
  `inicio` DATE NOT NULL,
  `fin` DATE NOT NULL,
  `id_empresa` INT UNSIGNED NOT NULL,
  PRIMARY KEY (`id_dia_feriado`),
  INDEX `fk_hr_dias_feriados_hr_empresas1_idx` (`id_empresa` ASC) VISIBLE,
  CONSTRAINT `fk_hr_dias_feriados_hr_empresas1`
    FOREIGN KEY (`id_empresa`)
    REFERENCES `db_hr_control_system`.`hr_empresas` (`id_empresa`)
    ON DELETE CASCADE
    ON UPDATE CASCADE)
ENGINE = InnoDB;


-- -----------------------------------------------------
-- Table `db_hr_control_system`.`att_terminal`
-- -----------------------------------------------------
DROP TABLE IF EXISTS `db_hr_control_system`.`att_terminal` ;

CREATE TABLE IF NOT EXISTS `db_hr_control_system`.`att_terminal` (
  `terminal_id` INT UNSIGNED NOT NULL AUTO_INCREMENT,
  `teminal_no` INT UNSIGNED NULL,
  `terminal_status` INT UNSIGNED NULL,
  `terminal_name` VARCHAR(64) NULL,
  `terminal_location` VARCHAR(1024) NULL,
  `termnal_conecttype` INT UNSIGNED NULL,
  `terminal_conectpwd` VARCHAR(32) NULL,
  `terminal_domainname` VARCHAR(32) NULL,
  `terminal_tcpip` VARCHAR(32) NULL,
  `terminal_port` INT UNSIGNED NULL,
  `terminal_serial` VARCHAR(32) NULL,
  `terminal_baudrate` INT UNSIGNED NULL,
  `terminal_type` VARCHAR(32) NULL,
  `terminal_users` INT UNSIGNED NULL,
  `terminal_fingerprints` INT UNSIGNED NULL,
  `terminal_punches` INT UNSIGNED NULL,
  `terminal_faces` INT UNSIGNED NULL,
  `terminal_zem` VARCHAR(64) NULL,
  `terminal_kind` INT UNSIGNED NULL,
  `IsSelect` INT UNSIGNED NULL,
  `terminal_timechk` INT UNSIGNED NULL,
  `terminal_lastchk` DATETIME NULL,
  PRIMARY KEY (`terminal_id`),
  UNIQUE INDEX `terminal_domainname_UNIQUE` (`terminal_domainname` ASC) VISIBLE)
ENGINE = InnoDB;


-- -----------------------------------------------------
-- Table `db_hr_control_system`.`att_registros`
-- -----------------------------------------------------
DROP TABLE IF EXISTS `db_hr_control_system`.`att_registros` ;

CREATE TABLE IF NOT EXISTS `db_hr_control_system`.`att_registros` (
  `punch_id` INT UNSIGNED NOT NULL AUTO_INCREMENT,
  `emp_id` INT UNSIGNED NOT NULL,
  `punch_time` DATETIME NULL,
  `workcode` VARCHAR(64) NULL,
  `workstate` VARCHAR(64) NULL,
  `terminal_id` INT UNSIGNED NOT NULL,
  `punch_type` VARCHAR(64) NULL DEFAULT '1',
  `operator` VARCHAR(64) NULL,
  `operator_reason` VARCHAR(64) NULL,
  `operator_time` DATETIME NULL,
  `IsSelect` INT UNSIGNED NULL,
  PRIMARY KEY (`punch_id`),
  INDEX `fk_att_registros_att_empleado1_idx` (`emp_id` ASC) VISIBLE,
  INDEX `fk_att_registros_att_terminal1_idx` (`terminal_id` ASC) VISIBLE,
  CONSTRAINT `fk_att_registros_att_empleado1`
    FOREIGN KEY (`emp_id`)
    REFERENCES `db_hr_control_system`.`att_empleado` (`emp_id`)
    ON DELETE CASCADE
    ON UPDATE CASCADE,
  CONSTRAINT `fk_att_registros_att_terminal1`
    FOREIGN KEY (`terminal_id`)
    REFERENCES `db_hr_control_system`.`att_terminal` (`terminal_id`)
    ON DELETE CASCADE
    ON UPDATE CASCADE)
ENGINE = InnoDB;


-- -----------------------------------------------------
-- Table `db_hr_control_system`.`att_template`
-- -----------------------------------------------------
DROP TABLE IF EXISTS `db_hr_control_system`.`att_template` ;

CREATE TABLE IF NOT EXISTS `db_hr_control_system`.`att_template` (
  `template_id` INT UNSIGNED NOT NULL AUTO_INCREMENT,
  `finger_id` INT UNSIGNED NULL,
  `effective` INT NULL,
  `template_type` INT NULL,
  `template_len` INT NULL,
  `template_str` LONGTEXT NULL,
  `template_obj` VARBINARY(1) NULL,
  `template_remark` VARCHAR(255) NULL,
  `emp_id` INT UNSIGNED NOT NULL,
  PRIMARY KEY (`template_id`),
  INDEX `fk_att_template_att_empleado1_idx` (`emp_id` ASC) VISIBLE,
  CONSTRAINT `fk_att_template_att_empleado1`
    FOREIGN KEY (`emp_id`)
    REFERENCES `db_hr_control_system`.`att_empleado` (`emp_id`)
    ON DELETE CASCADE
    ON UPDATE CASCADE)
ENGINE = InnoDB;


-- -----------------------------------------------------
-- Table `db_hr_control_system`.`att_terminal_emp`
-- -----------------------------------------------------
DROP TABLE IF EXISTS `db_hr_control_system`.`att_terminal_emp` ;

CREATE TABLE IF NOT EXISTS `db_hr_control_system`.`att_terminal_emp` (
  `terminal_serial` VARCHAR(32) NULL,
  `emp_pin` INT NULL,
  `emp_status` INT NULL,
  `last_sync` DATETIME NULL,
  `Isdone` INT NULL,
  `IsSelect` INT NULL)
ENGINE = InnoDB;


-- -----------------------------------------------------
-- Table `db_hr_control_system`.`att_terminal_para`
-- -----------------------------------------------------
DROP TABLE IF EXISTS `db_hr_control_system`.`att_terminal_para` ;

CREATE TABLE IF NOT EXISTS `db_hr_control_system`.`att_terminal_para` (
  `para_id` INT UNSIGNED NOT NULL AUTO_INCREMENT,
  `parameter_name` VARCHAR(64) NULL,
  `parameter_value` VARCHAR(64) NULL,
  `terminal_id` INT UNSIGNED NOT NULL,
  `infoid` INT NULL,
  PRIMARY KEY (`para_id`),
  INDEX `fk_att_terminal_para_att_terminal1_idx` (`terminal_id` ASC) VISIBLE,
  CONSTRAINT `fk_att_terminal_para_att_terminal1`
    FOREIGN KEY (`terminal_id`)
    REFERENCES `db_hr_control_system`.`att_terminal` (`terminal_id`)
    ON DELETE CASCADE
    ON UPDATE CASCADE)
ENGINE = InnoDB;


-- -----------------------------------------------------
-- Table `db_hr_control_system`.`hr_codigos_pagos`
-- -----------------------------------------------------
DROP TABLE IF EXISTS `db_hr_control_system`.`hr_codigos_pagos` ;

CREATE TABLE IF NOT EXISTS `db_hr_control_system`.`hr_codigos_pagos` (
  `id_codigo_pago` INT UNSIGNED NOT NULL AUTO_INCREMENT,
  `descripcion` VARCHAR(50) NOT NULL,
  `codexport` VARCHAR(30) NOT NULL,
  `siglas` VARCHAR(5) NOT NULL,
  `tipo` TINYINT NOT NULL DEFAULT 1,
  `id_empresa` INT UNSIGNED NOT NULL,
  PRIMARY KEY (`id_codigo_pago`),
  INDEX `fk_hr_codpago_hr_empresas1_idx` (`id_empresa` ASC) VISIBLE,
  CONSTRAINT `fk_hr_codpago_hr_empresas1`
    FOREIGN KEY (`id_empresa`)
    REFERENCES `db_hr_control_system`.`hr_empresas` (`id_empresa`)
    ON DELETE CASCADE
    ON UPDATE CASCADE)
ENGINE = InnoDB;


-- -----------------------------------------------------
-- Table `db_hr_control_system`.`att_excepciones`
-- -----------------------------------------------------
DROP TABLE IF EXISTS `db_hr_control_system`.`att_excepciones` ;

CREATE TABLE IF NOT EXISTS `db_hr_control_system`.`att_excepciones` (
  `id` INT UNSIGNED NOT NULL AUTO_INCREMENT,
  `fecha_excep` DATETIME NULL,
  `tiempoini` DATETIME NULL,
  `tiempofin` DATETIME NULL,
  `observacion` VARCHAR(64) NULL,
  `id_codpago` INT UNSIGNED NOT NULL,
  `id_trabajador` INT UNSIGNED NOT NULL,
  PRIMARY KEY (`id`),
  INDEX `fk_att_excepciones_hr_codpago1_idx` (`id_codpago` ASC) VISIBLE,
  INDEX `fk_att_excepciones_hr_empleados1_idx` (`id_trabajador` ASC) VISIBLE,
  CONSTRAINT `fk_att_excepciones_hr_codpago1`
    FOREIGN KEY (`id_codpago`)
    REFERENCES `db_hr_control_system`.`hr_codigos_pagos` (`id_codigo_pago`)
    ON DELETE CASCADE
    ON UPDATE CASCADE,
  CONSTRAINT `fk_att_excepciones_hr_empleados1`
    FOREIGN KEY (`id_trabajador`)
    REFERENCES `db_hr_control_system`.`hr_empleados` (`id_empleado`)
    ON DELETE CASCADE
    ON UPDATE CASCADE)
ENGINE = InnoDB;


-- -----------------------------------------------------
-- Table `db_hr_control_system`.`hr_organizacion`
-- -----------------------------------------------------
DROP TABLE IF EXISTS `db_hr_control_system`.`hr_organizacion` ;

CREATE TABLE IF NOT EXISTS `db_hr_control_system`.`hr_organizacion` (
  `id_empresa` INT UNSIGNED NOT NULL,
  `key` VARCHAR(5) NOT NULL,
  `parent_key` VARCHAR(5) NULL,
  `id_departamento` INT UNSIGNED NULL,
  `id_puesto` INT UNSIGNED NULL,
  INDEX `fk_hr_organizacion_hr_empresas1_idx` (`id_empresa` ASC) VISIBLE,
  INDEX `fk_hr_organizacion_hr_departamentos1_idx` (`id_departamento` ASC) VISIBLE,
  INDEX `fk_hr_organizacion_hr_puestos1_idx` (`id_puesto` ASC) VISIBLE,
  INDEX `fk_hr_organizacion_hr_organizacion1_idx` (`parent_key` ASC) VISIBLE,
  PRIMARY KEY (`key`, `id_empresa`),
  CONSTRAINT `fk_hr_organizacion_hr_empresas1`
    FOREIGN KEY (`id_empresa`)
    REFERENCES `db_hr_control_system`.`hr_empresas` (`id_empresa`)
    ON DELETE CASCADE
    ON UPDATE CASCADE,
  CONSTRAINT `fk_hr_organizacion_hr_departamentos1`
    FOREIGN KEY (`id_departamento`)
    REFERENCES `db_hr_control_system`.`hr_departamentos` (`id_departamento`)
    ON DELETE CASCADE
    ON UPDATE CASCADE,
  CONSTRAINT `fk_hr_organizacion_hr_puestos1`
    FOREIGN KEY (`id_puesto`)
    REFERENCES `db_hr_control_system`.`hr_puestos` (`id_puesto`)
    ON DELETE CASCADE
    ON UPDATE CASCADE,
  CONSTRAINT `fk_hr_organizacion_hr_organizacion1`
    FOREIGN KEY (`parent_key`)
    REFERENCES `db_hr_control_system`.`hr_organizacion` (`key`)
    ON DELETE RESTRICT
    ON UPDATE CASCADE)
ENGINE = InnoDB;


-- -----------------------------------------------------
-- Table `db_hr_control_system`.`hr_historial`
-- -----------------------------------------------------
DROP TABLE IF EXISTS `db_hr_control_system`.`hr_historial` ;

CREATE TABLE IF NOT EXISTS `db_hr_control_system`.`hr_historial` (
  `id_empleado` INT UNSIGNED NOT NULL,
  `id_empresa` INT UNSIGNED NOT NULL,
  `movimiento` CHAR(1) NOT NULL,
  `estado` BIT(1) NOT NULL,
  `fecha` DATE NOT NULL DEFAULT (CURRENT_DATE()),
  `id_unidad` INT UNSIGNED NOT NULL,
  `id_puesto` INT UNSIGNED NOT NULL,
  `id_departamento` INT UNSIGNED NOT NULL,
  `sueldo` FLOAT NOT NULL,
  `observaciones` VARCHAR(255) NULL,
  `infoBaja` BIT(4) NULL,
  INDEX `fk_hr_historial_hr_empleados1_idx` (`id_empleado` ASC) VISIBLE,
  INDEX `fk_hr_historial_hr_empresas1_idx` (`id_empresa` ASC) VISIBLE,
  INDEX `fk_hr_historial_hr_puestos1_idx` (`id_puesto` ASC) VISIBLE,
  INDEX `fk_hr_historial_hr_departamentos1_idx` (`id_departamento` ASC) VISIBLE,
  INDEX `fk_hr_historial_hr_unidades1_idx` (`id_unidad` ASC) VISIBLE,
  CONSTRAINT `fk_hr_historial_hr_empleados1`
    FOREIGN KEY (`id_empleado`)
    REFERENCES `db_hr_control_system`.`hr_empleados` (`id_empleado`)
    ON DELETE CASCADE
    ON UPDATE CASCADE,
  CONSTRAINT `fk_hr_historial_hr_empresas1`
    FOREIGN KEY (`id_empresa`)
    REFERENCES `db_hr_control_system`.`hr_empresas` (`id_empresa`)
    ON DELETE CASCADE
    ON UPDATE CASCADE,
  CONSTRAINT `fk_hr_historial_hr_puestos1`
    FOREIGN KEY (`id_puesto`)
    REFERENCES `db_hr_control_system`.`hr_puestos` (`id_puesto`)
    ON DELETE RESTRICT
    ON UPDATE CASCADE,
  CONSTRAINT `fk_hr_historial_hr_departamentos1`
    FOREIGN KEY (`id_departamento`)
    REFERENCES `db_hr_control_system`.`hr_departamentos` (`id_departamento`)
    ON DELETE RESTRICT
    ON UPDATE CASCADE,
  CONSTRAINT `fk_hr_historial_hr_unidades1`
    FOREIGN KEY (`id_unidad`)
    REFERENCES `db_hr_control_system`.`hr_unidades` (`id_unidad`)
    ON DELETE RESTRICT
    ON UPDATE CASCADE)
ENGINE = InnoDB;


-- -----------------------------------------------------
-- Table `db_hr_control_system`.`hr_politicas_pagos`
-- -----------------------------------------------------
DROP TABLE IF EXISTS `db_hr_control_system`.`hr_politicas_pagos` ;

CREATE TABLE IF NOT EXISTS `db_hr_control_system`.`hr_politicas_pagos` (
  `id_politica_pago` INT UNSIGNED NOT NULL AUTO_INCREMENT,
  `nombre` VARCHAR(45) NOT NULL,
  `activo` BIT(1) NOT NULL DEFAULT b'0',
  `pagaFeriados` BIT(1) NOT NULL DEFAULT b'0',
  `pagaExtras` BIT(1) NOT NULL DEFAULT b'0',
  `id_empresa` INT UNSIGNED NOT NULL,
  PRIMARY KEY (`id_politica_pago`),
  INDEX `fk_hr_politicas_pagos_hr_empresas1_idx` (`id_empresa` ASC) VISIBLE,
  CONSTRAINT `fk_hr_politicas_pagos_hr_empresas1`
    FOREIGN KEY (`id_empresa`)
    REFERENCES `db_hr_control_system`.`hr_empresas` (`id_empresa`)
    ON DELETE NO ACTION
    ON UPDATE NO ACTION)
ENGINE = InnoDB;


-- -----------------------------------------------------
-- Table `db_hr_control_system`.`hr_unidades_terminales`
-- -----------------------------------------------------
DROP TABLE IF EXISTS `db_hr_control_system`.`hr_unidades_terminales` ;

CREATE TABLE IF NOT EXISTS `db_hr_control_system`.`hr_unidades_terminales` (
  `terminal_id` INT UNSIGNED NOT NULL,
  `id_unidad` INT UNSIGNED NOT NULL,
  PRIMARY KEY (`terminal_id`, `id_unidad`),
  INDEX `fk_att_terminal_has_hr_unidades_hr_unidades1_idx` (`id_unidad` ASC) VISIBLE,
  INDEX `fk_att_terminal_has_hr_unidades_att_terminal1_idx` (`terminal_id` ASC) VISIBLE,
  CONSTRAINT `fk_att_terminal_has_hr_unidades_att_terminal1`
    FOREIGN KEY (`terminal_id`)
    REFERENCES `db_hr_control_system`.`att_terminal` (`terminal_id`)
    ON DELETE CASCADE
    ON UPDATE CASCADE,
  CONSTRAINT `fk_att_terminal_has_hr_unidades_hr_unidades1`
    FOREIGN KEY (`id_unidad`)
    REFERENCES `db_hr_control_system`.`hr_unidades` (`id_unidad`)
    ON DELETE CASCADE
    ON UPDATE CASCADE)
ENGINE = InnoDB;


-- -----------------------------------------------------
-- Table `db_hr_control_system`.`sys_permisos`
-- -----------------------------------------------------
DROP TABLE IF EXISTS `db_hr_control_system`.`sys_permisos` ;

CREATE TABLE IF NOT EXISTS `db_hr_control_system`.`sys_permisos` (
  `id_permiso` INT UNSIGNED NOT NULL,
  `padre` INT UNSIGNED NULL,
  `nombre` VARCHAR(45) NOT NULL,
  `endpoint` VARCHAR(30) NULL,
  `activo` BIT NOT NULL DEFAULT b'1',
  PRIMARY KEY (`id_permiso`),
  INDEX `fk_sys_permisos_sys_permisos1_idx` (`padre` ASC) VISIBLE,
  CONSTRAINT `fk_sys_permisos_sys_permisos1`
    FOREIGN KEY (`padre`)
    REFERENCES `db_hr_control_system`.`sys_permisos` (`id_permiso`)
    ON DELETE RESTRICT
    ON UPDATE CASCADE)
ENGINE = InnoDB;


-- -----------------------------------------------------
-- Table `db_hr_control_system`.`sys_roles_permisos`
-- -----------------------------------------------------
DROP TABLE IF EXISTS `db_hr_control_system`.`sys_roles_permisos` ;

CREATE TABLE IF NOT EXISTS `db_hr_control_system`.`sys_roles_permisos` (
  `id_rol` INT UNSIGNED NOT NULL,
  `id_permiso` INT UNSIGNED NOT NULL,
  `valor` TINYINT NOT NULL,
  PRIMARY KEY (`id_rol`, `id_permiso`),
  INDEX `fk_sys_roles_has_sys_permisos_sys_permisos1_idx` (`id_permiso` ASC) VISIBLE,
  INDEX `fk_sys_roles_has_sys_permisos_sys_roles1_idx` (`id_rol` ASC) VISIBLE,
  CONSTRAINT `fk_sys_roles_has_sys_permisos_sys_roles1`
    FOREIGN KEY (`id_rol`)
    REFERENCES `db_hr_control_system`.`sys_roles` (`id_rol`)
    ON DELETE CASCADE
    ON UPDATE CASCADE,
  CONSTRAINT `fk_sys_roles_has_sys_permisos_sys_permisos1`
    FOREIGN KEY (`id_permiso`)
    REFERENCES `db_hr_control_system`.`sys_permisos` (`id_permiso`)
    ON DELETE CASCADE
    ON UPDATE CASCADE)
ENGINE = InnoDB;


-- -----------------------------------------------------
-- Table `db_hr_control_system`.`hr_capacitaciones_empleados`
-- -----------------------------------------------------
DROP TABLE IF EXISTS `db_hr_control_system`.`hr_capacitaciones_empleados` ;

CREATE TABLE IF NOT EXISTS `db_hr_control_system`.`hr_capacitaciones_empleados` (
  `id_capacitacion` INT UNSIGNED NOT NULL,
  `id_empleado` INT UNSIGNED NULL,
  `fecha` DATE NOT NULL DEFAULT (NOW()),
  INDEX `fk_hr_capacitaciones_has_hr_empleados_hr_empleados1_idx` (`id_empleado` ASC) VISIBLE,
  INDEX `fk_hr_capacitaciones_has_hr_empleados_hr_capacitaciones1_idx` (`id_capacitacion` ASC) VISIBLE,
  CONSTRAINT `fk_hr_capacitaciones_has_hr_empleados_hr_capacitaciones1`
    FOREIGN KEY (`id_capacitacion`)
    REFERENCES `db_hr_control_system`.`hr_capacitaciones` (`id_capacitacion`)
    ON DELETE CASCADE
    ON UPDATE CASCADE,
  CONSTRAINT `fk_hr_capacitaciones_has_hr_empleados_hr_empleados1`
    FOREIGN KEY (`id_empleado`)
    REFERENCES `db_hr_control_system`.`hr_empleados` (`id_empleado`)
    ON DELETE CASCADE
    ON UPDATE CASCADE)
ENGINE = InnoDB;


-- -----------------------------------------------------
-- Table `db_hr_control_system`.`hr_derechos_vacaciones`
-- -----------------------------------------------------
DROP TABLE IF EXISTS `db_hr_control_system`.`hr_derechos_vacaciones` ;

CREATE TABLE IF NOT EXISTS `db_hr_control_system`.`hr_derechos_vacaciones` (
  `inicio` TINYINT UNSIGNED NOT NULL,
  `fin` TINYINT NOT NULL,
  `dias` TINYINT NOT NULL)
ENGINE = InnoDB;


SET SQL_MODE=@OLD_SQL_MODE;
SET FOREIGN_KEY_CHECKS=@OLD_FOREIGN_KEY_CHECKS;
SET UNIQUE_CHECKS=@OLD_UNIQUE_CHECKS;

-- -----------------------------------------------------
-- Data for table `db_hr_control_system`.`sys_roles`
-- -----------------------------------------------------
START TRANSACTION;
USE `db_hr_control_system`;
INSERT INTO `db_hr_control_system`.`sys_roles` (`id_rol`, `nombre`) VALUES (1, 'SUPER ADMIN');
INSERT INTO `db_hr_control_system`.`sys_roles` (`id_rol`, `nombre`) VALUES (2, 'ADMIN');
INSERT INTO `db_hr_control_system`.`sys_roles` (`id_rol`, `nombre`) VALUES (3, 'SUPERVISOR');
INSERT INTO `db_hr_control_system`.`sys_roles` (`id_rol`, `nombre`) VALUES (4, 'EMPLEADO');

COMMIT;


-- -----------------------------------------------------
-- Data for table `db_hr_control_system`.`sys_usuarios`
-- -----------------------------------------------------
START TRANSACTION;
USE `db_hr_control_system`;
INSERT INTO `db_hr_control_system`.`sys_usuarios` (`id_usuario`, `email`, `password`, `tokenActual`, `creacion`, `ultimoLogin`, `nombre`, `apellidoP`, `apellidoM`, `tokenCambiarContraseña`, `tiempoTokenContraseña`, `activo`, `id_rol`) VALUES (1, 'pruebas@nada.com', '$2y$10$x.Y5OH41UMIQkTH4dG/mc.FTpUMbX2wxKWd73jCwVgCcuiNTX6ufC', NULL, DEFAULT, NULL, 'Mr.', 'Nada', 'de Nada', NULL, NULL, DEFAULT, 1);
INSERT INTO `db_hr_control_system`.`sys_usuarios` (`id_usuario`, `email`, `password`, `tokenActual`, `creacion`, `ultimoLogin`, `nombre`, `apellidoP`, `apellidoM`, `tokenCambiarContraseña`, `tiempoTokenContraseña`, `activo`, `id_rol`) VALUES (2, 'algo@nada.com', 'emp', NULL, DEFAULT, NULL, 'Mr.', 'Empleado', '1', NULL, NULL, DEFAULT, 4);
INSERT INTO `db_hr_control_system`.`sys_usuarios` (`id_usuario`, `email`, `password`, `tokenActual`, `creacion`, `ultimoLogin`, `nombre`, `apellidoP`, `apellidoM`, `tokenCambiarContraseña`, `tiempoTokenContraseña`, `activo`, `id_rol`) VALUES (3, 'otro@algo.com', 'emp', NULL, DEFAULT, NULL, 'Empleado', '2', 'De Nada', NULL, NULL, DEFAULT, 4);
INSERT INTO `db_hr_control_system`.`sys_usuarios` (`id_usuario`, `email`, `password`, `tokenActual`, `creacion`, `ultimoLogin`, `nombre`, `apellidoP`, `apellidoM`, `tokenCambiarContraseña`, `tiempoTokenContraseña`, `activo`, `id_rol`) VALUES (4, 'nada@otro.com', 'emp', NULL, DEFAULT, NULL, 'Mr. ', 'Empleado', '3', NULL, NULL, DEFAULT, 4);

COMMIT;


-- -----------------------------------------------------
-- Data for table `db_hr_control_system`.`hr_empresas`
-- -----------------------------------------------------
START TRANSACTION;
USE `db_hr_control_system`;
INSERT INTO `db_hr_control_system`.`hr_empresas` (`id_empresa`, `razonSocial`, `rfc`, `giroComercial`, `contacto`, `telefono`, `email`, `fax`, `web`, `calle`, `colonia`, `poblacion`, `estado`, `logo`) VALUES (1, 'Algo de Razon Social', 'ABCDEF1234567', 'Algo de Giro Comercial', 'Alguen', '1234567891', 'unmail@algo.com', NULL, NULL, 'Una Calle', 'En Una Colonia', 'En una poblacion', 2, NULL);

COMMIT;


-- -----------------------------------------------------
-- Data for table `db_hr_control_system`.`sys_usuarios_empresas`
-- -----------------------------------------------------
START TRANSACTION;
USE `db_hr_control_system`;
INSERT INTO `db_hr_control_system`.`sys_usuarios_empresas` (`id_usuario`, `id_empresa`, `activo`) VALUES (2, 1, 1);
INSERT INTO `db_hr_control_system`.`sys_usuarios_empresas` (`id_usuario`, `id_empresa`, `activo`) VALUES (3, 1, 1);
INSERT INTO `db_hr_control_system`.`sys_usuarios_empresas` (`id_usuario`, `id_empresa`, `activo`) VALUES (4, 1, 1);
INSERT INTO `db_hr_control_system`.`sys_usuarios_empresas` (`id_usuario`, `id_empresa`, `activo`) VALUES (1, 1, 1);

COMMIT;


-- -----------------------------------------------------
-- Data for table `db_hr_control_system`.`hr_unidades`
-- -----------------------------------------------------
START TRANSACTION;
USE `db_hr_control_system`;
INSERT INTO `db_hr_control_system`.`hr_unidades` (`id_unidad`, `nombre`, `tipo`, `poblacion`, `estado`, `region`, `id_empresa`) VALUES (1, 'Restaurante', 'Normal', 'Alguna Poblacion', 2, 'Sur', 1);
INSERT INTO `db_hr_control_system`.`hr_unidades` (`id_unidad`, `nombre`, `tipo`, `poblacion`, `estado`, `region`, `id_empresa`) VALUES (2, 'Food Truck', 'temporal', 'Otra Poblacio', 1, 'Norte', 1);
INSERT INTO `db_hr_control_system`.`hr_unidades` (`id_unidad`, `nombre`, `tipo`, `poblacion`, `estado`, `region`, `id_empresa`) VALUES (3, 'Fast Food', 'Noraml', 'Una Poblacion', 2, 'Sur', 1);

COMMIT;


-- -----------------------------------------------------
-- Data for table `db_hr_control_system`.`hr_departamentos`
-- -----------------------------------------------------
START TRANSACTION;
USE `db_hr_control_system`;
INSERT INTO `db_hr_control_system`.`hr_departamentos` (`id_departamento`, `nombre`, `id_empresa`) VALUES (1, 'Administracion', 1);
INSERT INTO `db_hr_control_system`.`hr_departamentos` (`id_departamento`, `nombre`, `id_empresa`) VALUES (2, 'Cocina', 1);
INSERT INTO `db_hr_control_system`.`hr_departamentos` (`id_departamento`, `nombre`, `id_empresa`) VALUES (3, 'Restaurate', 1);

COMMIT;


-- -----------------------------------------------------
-- Data for table `db_hr_control_system`.`hr_puestos`
-- -----------------------------------------------------
START TRANSACTION;
USE `db_hr_control_system`;
INSERT INTO `db_hr_control_system`.`hr_puestos` (`id_puesto`, `nombre`, `sueldoSug`, `sueldoMax`, `riesgo`, `id_empresa`) VALUES (1, 'Administrado general', 15.35, 50.35, 1, 1);
INSERT INTO `db_hr_control_system`.`hr_puestos` (`id_puesto`, `nombre`, `sueldoSug`, `sueldoMax`, `riesgo`, `id_empresa`) VALUES (2, 'Cocinero', 25.69, 92.62, 3, 1);
INSERT INTO `db_hr_control_system`.`hr_puestos` (`id_puesto`, `nombre`, `sueldoSug`, `sueldoMax`, `riesgo`, `id_empresa`) VALUES (3, 'Mesero', 59.6, 70.35, 2, 1);
INSERT INTO `db_hr_control_system`.`hr_puestos` (`id_puesto`, `nombre`, `sueldoSug`, `sueldoMax`, `riesgo`, `id_empresa`) VALUES (4, 'Bartender', 23.95, 80.65, 1, 1);

COMMIT;


-- -----------------------------------------------------
-- Data for table `db_hr_control_system`.`hr_tipos_empleados`
-- -----------------------------------------------------
START TRANSACTION;
USE `db_hr_control_system`;
INSERT INTO `db_hr_control_system`.`hr_tipos_empleados` (`id_tipo_empleado`, `nombre`, `id_empresa`) VALUES (1, 'Tiempo Completo', 1);
INSERT INTO `db_hr_control_system`.`hr_tipos_empleados` (`id_tipo_empleado`, `nombre`, `id_empresa`) VALUES (2, 'Tiempo Parcial', 1);
INSERT INTO `db_hr_control_system`.`hr_tipos_empleados` (`id_tipo_empleado`, `nombre`, `id_empresa`) VALUES (3, 'Temporal', 1);

COMMIT;


-- -----------------------------------------------------
-- Data for table `db_hr_control_system`.`hr_horarios`
-- -----------------------------------------------------
START TRANSACTION;
USE `db_hr_control_system`;
INSERT INTO `db_hr_control_system`.`hr_horarios` (`id_horario`, `descripcion`, `conComida`, `estado`, `id_empresa`) VALUES (1, 'Completo', 1, 1, 1);
INSERT INTO `db_hr_control_system`.`hr_horarios` (`id_horario`, `descripcion`, `conComida`, `estado`, `id_empresa`) VALUES (2, 'Parcial', 0, 1, 1);

COMMIT;


-- -----------------------------------------------------
-- Data for table `db_hr_control_system`.`hr_detalles_horarios`
-- -----------------------------------------------------
START TRANSACTION;
USE `db_hr_control_system`;
INSERT INTO `db_hr_control_system`.`hr_detalles_horarios` (`id_horario`, `dia`, `inicio`, `fin`, `toleranciaIn`, `toleranciaFin`, `tipo`) VALUES (1, 1, '08:00:00', '17:00:00', 10, 10, 1);
INSERT INTO `db_hr_control_system`.`hr_detalles_horarios` (`id_horario`, `dia`, `inicio`, `fin`, `toleranciaIn`, `toleranciaFin`, `tipo`) VALUES (1, 2, '08:00:00', '17:00:00', 10, 10, 1);
INSERT INTO `db_hr_control_system`.`hr_detalles_horarios` (`id_horario`, `dia`, `inicio`, `fin`, `toleranciaIn`, `toleranciaFin`, `tipo`) VALUES (1, 3, '08:00:00', '17:00:00', 10, 10, 1);
INSERT INTO `db_hr_control_system`.`hr_detalles_horarios` (`id_horario`, `dia`, `inicio`, `fin`, `toleranciaIn`, `toleranciaFin`, `tipo`) VALUES (1, 4, '08:00:00', '17:00:00', 10, 10, 1);
INSERT INTO `db_hr_control_system`.`hr_detalles_horarios` (`id_horario`, `dia`, `inicio`, `fin`, `toleranciaIn`, `toleranciaFin`, `tipo`) VALUES (1, 5, '08:00:00', '17:00:00', 10, 10, 1);
INSERT INTO `db_hr_control_system`.`hr_detalles_horarios` (`id_horario`, `dia`, `inicio`, `fin`, `toleranciaIn`, `toleranciaFin`, `tipo`) VALUES (1, 6, '08:00:00', '17:00:00', 10, 10, 1);
INSERT INTO `db_hr_control_system`.`hr_detalles_horarios` (`id_horario`, `dia`, `inicio`, `fin`, `toleranciaIn`, `toleranciaFin`, `tipo`) VALUES (1, 7, '00:00:00', '23:59:59', 0, 0, 0);
INSERT INTO `db_hr_control_system`.`hr_detalles_horarios` (`id_horario`, `dia`, `inicio`, `fin`, `toleranciaIn`, `toleranciaFin`, `tipo`) VALUES (2, 1, '08:00:00', '17:00:00', 10, 10, 1);
INSERT INTO `db_hr_control_system`.`hr_detalles_horarios` (`id_horario`, `dia`, `inicio`, `fin`, `toleranciaIn`, `toleranciaFin`, `tipo`) VALUES (2, 2, '00:00:00', '23:59:59', 0, 0, 0);
INSERT INTO `db_hr_control_system`.`hr_detalles_horarios` (`id_horario`, `dia`, `inicio`, `fin`, `toleranciaIn`, `toleranciaFin`, `tipo`) VALUES (2, 3, '08:00:00', '17:00:00', 10, 10, 1);
INSERT INTO `db_hr_control_system`.`hr_detalles_horarios` (`id_horario`, `dia`, `inicio`, `fin`, `toleranciaIn`, `toleranciaFin`, `tipo`) VALUES (2, 4, '00:00:00', '23:59:59', 0, 0, 0);
INSERT INTO `db_hr_control_system`.`hr_detalles_horarios` (`id_horario`, `dia`, `inicio`, `fin`, `toleranciaIn`, `toleranciaFin`, `tipo`) VALUES (2, 5, '08:00:00', '17:00:00', 10, 10, 1);
INSERT INTO `db_hr_control_system`.`hr_detalles_horarios` (`id_horario`, `dia`, `inicio`, `fin`, `toleranciaIn`, `toleranciaFin`, `tipo`) VALUES (2, 6, '08:00:00', '17:00:00', 10, 10, 1);
INSERT INTO `db_hr_control_system`.`hr_detalles_horarios` (`id_horario`, `dia`, `inicio`, `fin`, `toleranciaIn`, `toleranciaFin`, `tipo`) VALUES (2, 7, '00:00:00', '23:59:59', 0, 0, 0);

COMMIT;


-- -----------------------------------------------------
-- Data for table `db_hr_control_system`.`att_empleado`
-- -----------------------------------------------------
START TRANSACTION;
USE `db_hr_control_system`;
INSERT INTO `db_hr_control_system`.`att_empleado` (`emp_id`, `emp_pin`, `emp_code`, `emp_role`, `emp_firstname`, `emp_lastname`, `emp_username`, `emp_pwd`, `emp_privilege`, `emp_group`, `emp_active`, `emp_cardNumber`, `IsSelect`) VALUES (1, NULL, NULL, NULL, NULL, NULL, NULL, NULL, NULL, NULL, NULL, NULL, NULL);
INSERT INTO `db_hr_control_system`.`att_empleado` (`emp_id`, `emp_pin`, `emp_code`, `emp_role`, `emp_firstname`, `emp_lastname`, `emp_username`, `emp_pwd`, `emp_privilege`, `emp_group`, `emp_active`, `emp_cardNumber`, `IsSelect`) VALUES (2, NULL, NULL, NULL, NULL, NULL, NULL, NULL, NULL, NULL, NULL, NULL, NULL);
INSERT INTO `db_hr_control_system`.`att_empleado` (`emp_id`, `emp_pin`, `emp_code`, `emp_role`, `emp_firstname`, `emp_lastname`, `emp_username`, `emp_pwd`, `emp_privilege`, `emp_group`, `emp_active`, `emp_cardNumber`, `IsSelect`) VALUES (3, NULL, NULL, NULL, NULL, NULL, NULL, NULL, NULL, NULL, NULL, NULL, NULL);

COMMIT;


-- -----------------------------------------------------
-- Data for table `db_hr_control_system`.`hr_empleados`
-- -----------------------------------------------------
START TRANSACTION;
USE `db_hr_control_system`;
INSERT INTO `db_hr_control_system`.`hr_empleados` (`id_empleado`, `id_usuario`, `telefono`, `telefono2`, `email2`, `rfc`, `curp`, `sexo`, `estadoCivil`, `cumpleaños`, `lugarNatal`, `calle`, `colonia`, `poblacion`, `ciudad`, `estado`, `codigoPostal`, `nombreEmergencia`, `dirEmergencia`, `telEmergencia`, `imss`, `tipoSangre`, `enfermedades`, `fonacot`, `unidadMedica`, `alta`, `altaFiscal`, `contratoInicio`, `contratoFin`, `sueldo`, `formaPago`, `pensAlimenticia`, `nomClave`, `nomBanco`, `nomLocalidad`, `nomReferencia`, `nomCuenta`, `id_unidad`, `id_departamento`, `id_puesto`, `id_tipo_empleado`, `id_horario`, `id_empresa`, `id_terminal_user`) VALUES (1, 2, '1234567890', NULL, NULL, 'ABCDEF1234567', '123456789012345678', 1, 2, '1998-08-05', 2, 'Una Calle', 'La Colonia', 'Una Población', 'Una ciudad', 1, '45678', 'Alguien', 'Algun Lugar', '0987612345', '12345678901', 'A+', NULL, NULL, 1, DEFAULT, '2023-09-18', '2023-09-18', '2023-09-18', 15.36, 'E', 0, NULL, NULL, NULL, NULL, NULL, 2, 1, 1, 1, 1, 1, 1);
INSERT INTO `db_hr_control_system`.`hr_empleados` (`id_empleado`, `id_usuario`, `telefono`, `telefono2`, `email2`, `rfc`, `curp`, `sexo`, `estadoCivil`, `cumpleaños`, `lugarNatal`, `calle`, `colonia`, `poblacion`, `ciudad`, `estado`, `codigoPostal`, `nombreEmergencia`, `dirEmergencia`, `telEmergencia`, `imss`, `tipoSangre`, `enfermedades`, `fonacot`, `unidadMedica`, `alta`, `altaFiscal`, `contratoInicio`, `contratoFin`, `sueldo`, `formaPago`, `pensAlimenticia`, `nomClave`, `nomBanco`, `nomLocalidad`, `nomReferencia`, `nomCuenta`, `id_unidad`, `id_departamento`, `id_puesto`, `id_tipo_empleado`, `id_horario`, `id_empresa`, `id_terminal_user`) VALUES (2, 3, '0987654321', NULL, NULL, '1234567890123', 'ABCDEFGH1234567890', 0, 1, '2001-09-04', 3, 'Otra Calle', 'otra Colonioa', 'La Población', 'Otra ciudad', 2, '12345', 'Otro Alguien', 'Otro Lugar', '0192837465', '09876543210', 'AB+', NULL, NULL, 2, DEFAULT, '2023-04-01', '2023-09-18', '2023-09-18', 25.36, 'E', 0, NULL, NULL, NULL, NULL, NULL, 1, 2, 2, 3, 1, 1, 2);
INSERT INTO `db_hr_control_system`.`hr_empleados` (`id_empleado`, `id_usuario`, `telefono`, `telefono2`, `email2`, `rfc`, `curp`, `sexo`, `estadoCivil`, `cumpleaños`, `lugarNatal`, `calle`, `colonia`, `poblacion`, `ciudad`, `estado`, `codigoPostal`, `nombreEmergencia`, `dirEmergencia`, `telEmergencia`, `imss`, `tipoSangre`, `enfermedades`, `fonacot`, `unidadMedica`, `alta`, `altaFiscal`, `contratoInicio`, `contratoFin`, `sueldo`, `formaPago`, `pensAlimenticia`, `nomClave`, `nomBanco`, `nomLocalidad`, `nomReferencia`, `nomCuenta`, `id_unidad`, `id_departamento`, `id_puesto`, `id_tipo_empleado`, `id_horario`, `id_empresa`, `id_terminal_user`) VALUES (3, 4, '6789012345', NULL, NULL, '1234567ABCDEF', '1234567890ABCDEFGH', 1, 3, '1994-08-23', 4, 'la Calle', 'Una Colonia', 'Otra Poblacion', 'La Ciudad', 2, '09876', 'Un Alguien', 'Un Lugar mas', '1234098756', '67890123456', 'O-', NULL, NULL, 3, DEFAULT, '2023-05-01', '2023-09-18', '2023-09-18', 18.65, 'T', 0, NULL, NULL, NULL, NULL, NULL, 1, 3, 3, 2, 1, 1, 3);

COMMIT;


-- -----------------------------------------------------
-- Data for table `db_hr_control_system`.`sys_permisos`
-- -----------------------------------------------------
START TRANSACTION;
USE `db_hr_control_system`;
INSERT INTO `db_hr_control_system`.`sys_permisos` (`id_permiso`, `padre`, `nombre`, `endpoint`, `activo`) VALUES (0, NULL, 'Alpha', 'NULL', 1);
INSERT INTO `db_hr_control_system`.`sys_permisos` (`id_permiso`, `padre`, `nombre`, `endpoint`, `activo`) VALUES (1, 0, 'Dashboard', 'dashboard', 1);
INSERT INTO `db_hr_control_system`.`sys_permisos` (`id_permiso`, `padre`, `nombre`, `endpoint`, `activo`) VALUES (2, 0, 'Personal', 'personal', 1);
INSERT INTO `db_hr_control_system`.`sys_permisos` (`id_permiso`, `padre`, `nombre`, `endpoint`, `activo`) VALUES (3, 0, 'Dispositivos', 'dispositivos', 1);
INSERT INTO `db_hr_control_system`.`sys_permisos` (`id_permiso`, `padre`, `nombre`, `endpoint`, `activo`) VALUES (4, 0, 'Reportes', 'reportes', 1);
INSERT INTO `db_hr_control_system`.`sys_permisos` (`id_permiso`, `padre`, `nombre`, `endpoint`, `activo`) VALUES (5, 0, 'Sistema', 'sistema', 1);
INSERT INTO `db_hr_control_system`.`sys_permisos` (`id_permiso`, `padre`, `nombre`, `endpoint`, `activo`) VALUES (101, 1, 'Gráfico de Asistencia', 'dbasistencias', 1);
INSERT INTO `db_hr_control_system`.`sys_permisos` (`id_permiso`, `padre`, `nombre`, `endpoint`, `activo`) VALUES (102, 1, 'Estadisticas Generales', 'dbestadisticas', 1);
INSERT INTO `db_hr_control_system`.`sys_permisos` (`id_permiso`, `padre`, `nombre`, `endpoint`, `activo`) VALUES (103, 1, 'Cumpleaños', 'dbaniversarios', 1);
INSERT INTO `db_hr_control_system`.`sys_permisos` (`id_permiso`, `padre`, `nombre`, `endpoint`, `activo`) VALUES (104, 1, 'Gráfico de Rotación', 'dbrotacion', 1);
INSERT INTO `db_hr_control_system`.`sys_permisos` (`id_permiso`, `padre`, `nombre`, `endpoint`, `activo`) VALUES (105, 1, 'Gráfico de Salarios', 'dbsalarios', 1);
INSERT INTO `db_hr_control_system`.`sys_permisos` (`id_permiso`, `padre`, `nombre`, `endpoint`, `activo`) VALUES (201, 2, 'Unidades', 'unidades', 1);
INSERT INTO `db_hr_control_system`.`sys_permisos` (`id_permiso`, `padre`, `nombre`, `endpoint`, `activo`) VALUES (202, 2, 'Departamentos', 'departamentos', 1);
INSERT INTO `db_hr_control_system`.`sys_permisos` (`id_permiso`, `padre`, `nombre`, `endpoint`, `activo`) VALUES (203, 2, 'Puestos', 'puestos', 1);
INSERT INTO `db_hr_control_system`.`sys_permisos` (`id_permiso`, `padre`, `nombre`, `endpoint`, `activo`) VALUES (204, 2, 'Horarios', 'horarios', 1);
INSERT INTO `db_hr_control_system`.`sys_permisos` (`id_permiso`, `padre`, `nombre`, `endpoint`, `activo`) VALUES (205, 2, 'Empleados', 'empleados', 1);
INSERT INTO `db_hr_control_system`.`sys_permisos` (`id_permiso`, `padre`, `nombre`, `endpoint`, `activo`) VALUES (206, 2, 'Aprovaciones', 'aprobacion', 1);
INSERT INTO `db_hr_control_system`.`sys_permisos` (`id_permiso`, `padre`, `nombre`, `endpoint`, `activo`) VALUES (207, 2, 'Vacaciones', 'vacaciones', 1);
INSERT INTO `db_hr_control_system`.`sys_permisos` (`id_permiso`, `padre`, `nombre`, `endpoint`, `activo`) VALUES (208, 2, 'Renuncias', 'renuncias', 1);
INSERT INTO `db_hr_control_system`.`sys_permisos` (`id_permiso`, `padre`, `nombre`, `endpoint`, `activo`) VALUES (209, 2, 'Tipos de Empleados', 'tipos-empleados', 1);
INSERT INTO `db_hr_control_system`.`sys_permisos` (`id_permiso`, `padre`, `nombre`, `endpoint`, `activo`) VALUES (210, 2, 'Dias Feriados', 'dias-feriados', 1);
INSERT INTO `db_hr_control_system`.`sys_permisos` (`id_permiso`, `padre`, `nombre`, `endpoint`, `activo`) VALUES (211, 2, 'Códigos de Pago', 'codigos-de-pago', 1);
INSERT INTO `db_hr_control_system`.`sys_permisos` (`id_permiso`, `padre`, `nombre`, `endpoint`, `activo`) VALUES (212, 2, 'Politicas de Pago', 'politicas-de-pago', 1);
INSERT INTO `db_hr_control_system`.`sys_permisos` (`id_permiso`, `padre`, `nombre`, `endpoint`, `activo`) VALUES (301, 3, 'Dispositivos', 'biometricos', 1);
INSERT INTO `db_hr_control_system`.`sys_permisos` (`id_permiso`, `padre`, `nombre`, `endpoint`, `activo`) VALUES (302, 3, 'Sincronizar Datos', 'sincronizar', 1);
INSERT INTO `db_hr_control_system`.`sys_permisos` (`id_permiso`, `padre`, `nombre`, `endpoint`, `activo`) VALUES (303, 3, 'Cargar Eventos USB', 'datosusb', 1);
INSERT INTO `db_hr_control_system`.`sys_permisos` (`id_permiso`, `padre`, `nombre`, `endpoint`, `activo`) VALUES (304, 3, 'Descargar Eventos', 'descargar', 1);
INSERT INTO `db_hr_control_system`.`sys_permisos` (`id_permiso`, `padre`, `nombre`, `endpoint`, `activo`) VALUES (305, 3, 'Enrolamiento Remoto', 'enrolar', 1);
INSERT INTO `db_hr_control_system`.`sys_permisos` (`id_permiso`, `padre`, `nombre`, `endpoint`, `activo`) VALUES (306, 3, 'Registros', 'registros', 1);
INSERT INTO `db_hr_control_system`.`sys_permisos` (`id_permiso`, `padre`, `nombre`, `endpoint`, `activo`) VALUES (307, 3, 'Excepciones', 'excepciones', 1);
INSERT INTO `db_hr_control_system`.`sys_permisos` (`id_permiso`, `padre`, `nombre`, `endpoint`, `activo`) VALUES (401, 4, 'Asistencia', 'Asistencias', 1);
INSERT INTO `db_hr_control_system`.`sys_permisos` (`id_permiso`, `padre`, `nombre`, `endpoint`, `activo`) VALUES (402, 4, 'Incidencias', 'incidencias', 1);
INSERT INTO `db_hr_control_system`.`sys_permisos` (`id_permiso`, `padre`, `nombre`, `endpoint`, `activo`) VALUES (404, 4, 'Tiempos Extras', 'textras', 1);
INSERT INTO `db_hr_control_system`.`sys_permisos` (`id_permiso`, `padre`, `nombre`, `endpoint`, `activo`) VALUES (405, 4, 'Calendario', 'calendario', 1);
INSERT INTO `db_hr_control_system`.`sys_permisos` (`id_permiso`, `padre`, `nombre`, `endpoint`, `activo`) VALUES (406, 4, 'Horarios y Turnos', 'horarios', 1);
INSERT INTO `db_hr_control_system`.`sys_permisos` (`id_permiso`, `padre`, `nombre`, `endpoint`, `activo`) VALUES (407, 4, 'Consultas y Reportes', 'consultas', 1);
INSERT INTO `db_hr_control_system`.`sys_permisos` (`id_permiso`, `padre`, `nombre`, `endpoint`, `activo`) VALUES (408, 4, 'Retrasos', 'retrasos', 1);
INSERT INTO `db_hr_control_system`.`sys_permisos` (`id_permiso`, `padre`, `nombre`, `endpoint`, `activo`) VALUES (409, 4, 'Vacaciones', 'vacaciones', 1);
INSERT INTO `db_hr_control_system`.`sys_permisos` (`id_permiso`, `padre`, `nombre`, `endpoint`, `activo`) VALUES (410, 4, 'Reasignaciones', 'Reasignaciones', 1);
INSERT INTO `db_hr_control_system`.`sys_permisos` (`id_permiso`, `padre`, `nombre`, `endpoint`, `activo`) VALUES (411, 4, 'Terminales', 'terminales', 1);
INSERT INTO `db_hr_control_system`.`sys_permisos` (`id_permiso`, `padre`, `nombre`, `endpoint`, `activo`) VALUES (501, 5, 'Perfiles', 'perfil', 1);
INSERT INTO `db_hr_control_system`.`sys_permisos` (`id_permiso`, `padre`, `nombre`, `endpoint`, `activo`) VALUES (502, 5, 'Usuarios', 'usuario', 1);
INSERT INTO `db_hr_control_system`.`sys_permisos` (`id_permiso`, `padre`, `nombre`, `endpoint`, `activo`) VALUES (503, 5, 'Bitacora', 'bitacora', 1);
INSERT INTO `db_hr_control_system`.`sys_permisos` (`id_permiso`, `padre`, `nombre`, `endpoint`, `activo`) VALUES (504, 5, 'Configurar Correo', 'correo', 1);
INSERT INTO `db_hr_control_system`.`sys_permisos` (`id_permiso`, `padre`, `nombre`, `endpoint`, `activo`) VALUES (2051, 205, 'Información General', 'empleados_ig', 1);
INSERT INTO `db_hr_control_system`.`sys_permisos` (`id_permiso`, `padre`, `nombre`, `endpoint`, `activo`) VALUES (2052, 205, 'Información Personal', 'empleados_ip', 1);
INSERT INTO `db_hr_control_system`.`sys_permisos` (`id_permiso`, `padre`, `nombre`, `endpoint`, `activo`) VALUES (2053, 205, 'Información Dispositivo', 'empleados_bio', 1);
INSERT INTO `db_hr_control_system`.`sys_permisos` (`id_permiso`, `padre`, `nombre`, `endpoint`, `activo`) VALUES (2054, 205, 'Configuración Asistencia', 'empleados_att', 1);
INSERT INTO `db_hr_control_system`.`sys_permisos` (`id_permiso`, `padre`, `nombre`, `endpoint`, `activo`) VALUES (2055, 205, 'Documentos', 'documentos', 1);
INSERT INTO `db_hr_control_system`.`sys_permisos` (`id_permiso`, `padre`, `nombre`, `endpoint`, `activo`) VALUES (2056, 205, 'Descargar', 'descargar', 1);
INSERT INTO `db_hr_control_system`.`sys_permisos` (`id_permiso`, `padre`, `nombre`, `endpoint`, `activo`) VALUES (3011, 301, 'Comandos de dispositivo', 'enviacomandos', 1);
INSERT INTO `db_hr_control_system`.`sys_permisos` (`id_permiso`, `padre`, `nombre`, `endpoint`, `activo`) VALUES (4071, 407, 'Total Asistencia', 'rasistenciatotal', 1);
INSERT INTO `db_hr_control_system`.`sys_permisos` (`id_permiso`, `padre`, `nombre`, `endpoint`, `activo`) VALUES (4072, 407, 'Excepciones', 'rexcepciones', 1);
INSERT INTO `db_hr_control_system`.`sys_permisos` (`id_permiso`, `padre`, `nombre`, `endpoint`, `activo`) VALUES (4073, 407, 'Retardos', 'rretardos', 1);
INSERT INTO `db_hr_control_system`.`sys_permisos` (`id_permiso`, `padre`, `nombre`, `endpoint`, `activo`) VALUES (4074, 407, 'Salidas Anticipadas', 'rrsalidasant', 1);
INSERT INTO `db_hr_control_system`.`sys_permisos` (`id_permiso`, `padre`, `nombre`, `endpoint`, `activo`) VALUES (4075, 407, 'Cumpleaños', 'raniversario', 1);
INSERT INTO `db_hr_control_system`.`sys_permisos` (`id_permiso`, `padre`, `nombre`, `endpoint`, `activo`) VALUES (4076, 407, 'Tiempo Extra', 'rtiempoextra', 1);
INSERT INTO `db_hr_control_system`.`sys_permisos` (`id_permiso`, `padre`, `nombre`, `endpoint`, `activo`) VALUES (4077, 407, 'Ausencias', 'rfaltas', 1);
INSERT INTO `db_hr_control_system`.`sys_permisos` (`id_permiso`, `padre`, `nombre`, `endpoint`, `activo`) VALUES (4078, 407, 'Descansos', 'rdescansos', 1);
INSERT INTO `db_hr_control_system`.`sys_permisos` (`id_permiso`, `padre`, `nombre`, `endpoint`, `activo`) VALUES (4079, 407, 'Prenomina', 'rprenomina', 1);

COMMIT;


-- -----------------------------------------------------
-- Data for table `db_hr_control_system`.`sys_roles_permisos`
-- -----------------------------------------------------
START TRANSACTION;
USE `db_hr_control_system`;
INSERT INTO `db_hr_control_system`.`sys_roles_permisos` (`id_rol`, `id_permiso`, `valor`) VALUES (1, 1, 15);
INSERT INTO `db_hr_control_system`.`sys_roles_permisos` (`id_rol`, `id_permiso`, `valor`) VALUES (1, 2, 15);
INSERT INTO `db_hr_control_system`.`sys_roles_permisos` (`id_rol`, `id_permiso`, `valor`) VALUES (1, 3, 15);
INSERT INTO `db_hr_control_system`.`sys_roles_permisos` (`id_rol`, `id_permiso`, `valor`) VALUES (1, 4, 15);
INSERT INTO `db_hr_control_system`.`sys_roles_permisos` (`id_rol`, `id_permiso`, `valor`) VALUES (1, 5, 15);
INSERT INTO `db_hr_control_system`.`sys_roles_permisos` (`id_rol`, `id_permiso`, `valor`) VALUES (1, 101, 15);
INSERT INTO `db_hr_control_system`.`sys_roles_permisos` (`id_rol`, `id_permiso`, `valor`) VALUES (1, 102, 15);
INSERT INTO `db_hr_control_system`.`sys_roles_permisos` (`id_rol`, `id_permiso`, `valor`) VALUES (1, 103, 15);
INSERT INTO `db_hr_control_system`.`sys_roles_permisos` (`id_rol`, `id_permiso`, `valor`) VALUES (1, 104, 15);
INSERT INTO `db_hr_control_system`.`sys_roles_permisos` (`id_rol`, `id_permiso`, `valor`) VALUES (1, 105, 15);
INSERT INTO `db_hr_control_system`.`sys_roles_permisos` (`id_rol`, `id_permiso`, `valor`) VALUES (1, 201, 15);
INSERT INTO `db_hr_control_system`.`sys_roles_permisos` (`id_rol`, `id_permiso`, `valor`) VALUES (1, 202, 15);
INSERT INTO `db_hr_control_system`.`sys_roles_permisos` (`id_rol`, `id_permiso`, `valor`) VALUES (1, 203, 15);
INSERT INTO `db_hr_control_system`.`sys_roles_permisos` (`id_rol`, `id_permiso`, `valor`) VALUES (1, 204, 15);
INSERT INTO `db_hr_control_system`.`sys_roles_permisos` (`id_rol`, `id_permiso`, `valor`) VALUES (1, 205, 15);
INSERT INTO `db_hr_control_system`.`sys_roles_permisos` (`id_rol`, `id_permiso`, `valor`) VALUES (1, 206, 15);
INSERT INTO `db_hr_control_system`.`sys_roles_permisos` (`id_rol`, `id_permiso`, `valor`) VALUES (1, 207, 15);
INSERT INTO `db_hr_control_system`.`sys_roles_permisos` (`id_rol`, `id_permiso`, `valor`) VALUES (1, 208, 15);
INSERT INTO `db_hr_control_system`.`sys_roles_permisos` (`id_rol`, `id_permiso`, `valor`) VALUES (1, 209, 15);
INSERT INTO `db_hr_control_system`.`sys_roles_permisos` (`id_rol`, `id_permiso`, `valor`) VALUES (1, 210, 15);
INSERT INTO `db_hr_control_system`.`sys_roles_permisos` (`id_rol`, `id_permiso`, `valor`) VALUES (1, 211, 15);
INSERT INTO `db_hr_control_system`.`sys_roles_permisos` (`id_rol`, `id_permiso`, `valor`) VALUES (1, 212, 15);
INSERT INTO `db_hr_control_system`.`sys_roles_permisos` (`id_rol`, `id_permiso`, `valor`) VALUES (1, 301, 15);
INSERT INTO `db_hr_control_system`.`sys_roles_permisos` (`id_rol`, `id_permiso`, `valor`) VALUES (1, 302, 15);
INSERT INTO `db_hr_control_system`.`sys_roles_permisos` (`id_rol`, `id_permiso`, `valor`) VALUES (1, 303, 15);
INSERT INTO `db_hr_control_system`.`sys_roles_permisos` (`id_rol`, `id_permiso`, `valor`) VALUES (1, 304, 15);
INSERT INTO `db_hr_control_system`.`sys_roles_permisos` (`id_rol`, `id_permiso`, `valor`) VALUES (1, 305, 15);
INSERT INTO `db_hr_control_system`.`sys_roles_permisos` (`id_rol`, `id_permiso`, `valor`) VALUES (1, 306, 15);
INSERT INTO `db_hr_control_system`.`sys_roles_permisos` (`id_rol`, `id_permiso`, `valor`) VALUES (1, 307, 15);
INSERT INTO `db_hr_control_system`.`sys_roles_permisos` (`id_rol`, `id_permiso`, `valor`) VALUES (1, 401, 15);
INSERT INTO `db_hr_control_system`.`sys_roles_permisos` (`id_rol`, `id_permiso`, `valor`) VALUES (1, 402, 15);
INSERT INTO `db_hr_control_system`.`sys_roles_permisos` (`id_rol`, `id_permiso`, `valor`) VALUES (1, 404, 15);
INSERT INTO `db_hr_control_system`.`sys_roles_permisos` (`id_rol`, `id_permiso`, `valor`) VALUES (1, 405, 15);
INSERT INTO `db_hr_control_system`.`sys_roles_permisos` (`id_rol`, `id_permiso`, `valor`) VALUES (1, 406, 15);
INSERT INTO `db_hr_control_system`.`sys_roles_permisos` (`id_rol`, `id_permiso`, `valor`) VALUES (1, 407, 15);
INSERT INTO `db_hr_control_system`.`sys_roles_permisos` (`id_rol`, `id_permiso`, `valor`) VALUES (1, 408, 15);
INSERT INTO `db_hr_control_system`.`sys_roles_permisos` (`id_rol`, `id_permiso`, `valor`) VALUES (1, 409, 15);
INSERT INTO `db_hr_control_system`.`sys_roles_permisos` (`id_rol`, `id_permiso`, `valor`) VALUES (1, 410, 15);
INSERT INTO `db_hr_control_system`.`sys_roles_permisos` (`id_rol`, `id_permiso`, `valor`) VALUES (1, 411, 15);
INSERT INTO `db_hr_control_system`.`sys_roles_permisos` (`id_rol`, `id_permiso`, `valor`) VALUES (1, 501, 15);
INSERT INTO `db_hr_control_system`.`sys_roles_permisos` (`id_rol`, `id_permiso`, `valor`) VALUES (1, 502, 15);
INSERT INTO `db_hr_control_system`.`sys_roles_permisos` (`id_rol`, `id_permiso`, `valor`) VALUES (1, 503, 15);
INSERT INTO `db_hr_control_system`.`sys_roles_permisos` (`id_rol`, `id_permiso`, `valor`) VALUES (1, 504, 15);
INSERT INTO `db_hr_control_system`.`sys_roles_permisos` (`id_rol`, `id_permiso`, `valor`) VALUES (1, 2051, 15);
INSERT INTO `db_hr_control_system`.`sys_roles_permisos` (`id_rol`, `id_permiso`, `valor`) VALUES (1, 2052, 15);
INSERT INTO `db_hr_control_system`.`sys_roles_permisos` (`id_rol`, `id_permiso`, `valor`) VALUES (1, 2053, 15);
INSERT INTO `db_hr_control_system`.`sys_roles_permisos` (`id_rol`, `id_permiso`, `valor`) VALUES (1, 2054, 15);
INSERT INTO `db_hr_control_system`.`sys_roles_permisos` (`id_rol`, `id_permiso`, `valor`) VALUES (1, 2055, 15);
INSERT INTO `db_hr_control_system`.`sys_roles_permisos` (`id_rol`, `id_permiso`, `valor`) VALUES (1, 2056, 15);
INSERT INTO `db_hr_control_system`.`sys_roles_permisos` (`id_rol`, `id_permiso`, `valor`) VALUES (1, 3011, 15);
INSERT INTO `db_hr_control_system`.`sys_roles_permisos` (`id_rol`, `id_permiso`, `valor`) VALUES (1, 4071, 15);
INSERT INTO `db_hr_control_system`.`sys_roles_permisos` (`id_rol`, `id_permiso`, `valor`) VALUES (1, 4072, 15);
INSERT INTO `db_hr_control_system`.`sys_roles_permisos` (`id_rol`, `id_permiso`, `valor`) VALUES (1, 4073, 15);
INSERT INTO `db_hr_control_system`.`sys_roles_permisos` (`id_rol`, `id_permiso`, `valor`) VALUES (1, 4074, 15);
INSERT INTO `db_hr_control_system`.`sys_roles_permisos` (`id_rol`, `id_permiso`, `valor`) VALUES (1, 4075, 15);
INSERT INTO `db_hr_control_system`.`sys_roles_permisos` (`id_rol`, `id_permiso`, `valor`) VALUES (1, 4076, 15);
INSERT INTO `db_hr_control_system`.`sys_roles_permisos` (`id_rol`, `id_permiso`, `valor`) VALUES (1, 4077, 15);
INSERT INTO `db_hr_control_system`.`sys_roles_permisos` (`id_rol`, `id_permiso`, `valor`) VALUES (1, 4078, 15);
INSERT INTO `db_hr_control_system`.`sys_roles_permisos` (`id_rol`, `id_permiso`, `valor`) VALUES (1, 4079, 15);
INSERT INTO `db_hr_control_system`.`sys_roles_permisos` (`id_rol`, `id_permiso`, `valor`) VALUES (2, 1, -1);
INSERT INTO `db_hr_control_system`.`sys_roles_permisos` (`id_rol`, `id_permiso`, `valor`) VALUES (2, 2, -1);
INSERT INTO `db_hr_control_system`.`sys_roles_permisos` (`id_rol`, `id_permiso`, `valor`) VALUES (2, 3, -1);
INSERT INTO `db_hr_control_system`.`sys_roles_permisos` (`id_rol`, `id_permiso`, `valor`) VALUES (2, 4, -1);
INSERT INTO `db_hr_control_system`.`sys_roles_permisos` (`id_rol`, `id_permiso`, `valor`) VALUES (2, 5, -1);
INSERT INTO `db_hr_control_system`.`sys_roles_permisos` (`id_rol`, `id_permiso`, `valor`) VALUES (2, 101, -1);
INSERT INTO `db_hr_control_system`.`sys_roles_permisos` (`id_rol`, `id_permiso`, `valor`) VALUES (2, 102, -1);
INSERT INTO `db_hr_control_system`.`sys_roles_permisos` (`id_rol`, `id_permiso`, `valor`) VALUES (2, 103, -1);
INSERT INTO `db_hr_control_system`.`sys_roles_permisos` (`id_rol`, `id_permiso`, `valor`) VALUES (2, 104, -1);
INSERT INTO `db_hr_control_system`.`sys_roles_permisos` (`id_rol`, `id_permiso`, `valor`) VALUES (2, 105, -1);
INSERT INTO `db_hr_control_system`.`sys_roles_permisos` (`id_rol`, `id_permiso`, `valor`) VALUES (2, 201, -1);
INSERT INTO `db_hr_control_system`.`sys_roles_permisos` (`id_rol`, `id_permiso`, `valor`) VALUES (2, 202, -1);
INSERT INTO `db_hr_control_system`.`sys_roles_permisos` (`id_rol`, `id_permiso`, `valor`) VALUES (2, 203, -1);
INSERT INTO `db_hr_control_system`.`sys_roles_permisos` (`id_rol`, `id_permiso`, `valor`) VALUES (2, 204, -1);
INSERT INTO `db_hr_control_system`.`sys_roles_permisos` (`id_rol`, `id_permiso`, `valor`) VALUES (2, 205, -1);
INSERT INTO `db_hr_control_system`.`sys_roles_permisos` (`id_rol`, `id_permiso`, `valor`) VALUES (2, 206, -1);
INSERT INTO `db_hr_control_system`.`sys_roles_permisos` (`id_rol`, `id_permiso`, `valor`) VALUES (2, 207, -1);
INSERT INTO `db_hr_control_system`.`sys_roles_permisos` (`id_rol`, `id_permiso`, `valor`) VALUES (2, 208, -1);
INSERT INTO `db_hr_control_system`.`sys_roles_permisos` (`id_rol`, `id_permiso`, `valor`) VALUES (2, 209, -1);
INSERT INTO `db_hr_control_system`.`sys_roles_permisos` (`id_rol`, `id_permiso`, `valor`) VALUES (2, 210, -1);
INSERT INTO `db_hr_control_system`.`sys_roles_permisos` (`id_rol`, `id_permiso`, `valor`) VALUES (2, 211, -1);
INSERT INTO `db_hr_control_system`.`sys_roles_permisos` (`id_rol`, `id_permiso`, `valor`) VALUES (2, 212, -1);
INSERT INTO `db_hr_control_system`.`sys_roles_permisos` (`id_rol`, `id_permiso`, `valor`) VALUES (2, 301, -1);
INSERT INTO `db_hr_control_system`.`sys_roles_permisos` (`id_rol`, `id_permiso`, `valor`) VALUES (2, 302, -1);
INSERT INTO `db_hr_control_system`.`sys_roles_permisos` (`id_rol`, `id_permiso`, `valor`) VALUES (2, 303, -1);
INSERT INTO `db_hr_control_system`.`sys_roles_permisos` (`id_rol`, `id_permiso`, `valor`) VALUES (2, 304, -1);
INSERT INTO `db_hr_control_system`.`sys_roles_permisos` (`id_rol`, `id_permiso`, `valor`) VALUES (2, 305, -1);
INSERT INTO `db_hr_control_system`.`sys_roles_permisos` (`id_rol`, `id_permiso`, `valor`) VALUES (2, 306, -1);
INSERT INTO `db_hr_control_system`.`sys_roles_permisos` (`id_rol`, `id_permiso`, `valor`) VALUES (2, 307, -1);
INSERT INTO `db_hr_control_system`.`sys_roles_permisos` (`id_rol`, `id_permiso`, `valor`) VALUES (2, 401, -1);
INSERT INTO `db_hr_control_system`.`sys_roles_permisos` (`id_rol`, `id_permiso`, `valor`) VALUES (2, 402, -1);
INSERT INTO `db_hr_control_system`.`sys_roles_permisos` (`id_rol`, `id_permiso`, `valor`) VALUES (2, 404, -1);
INSERT INTO `db_hr_control_system`.`sys_roles_permisos` (`id_rol`, `id_permiso`, `valor`) VALUES (2, 405, -1);
INSERT INTO `db_hr_control_system`.`sys_roles_permisos` (`id_rol`, `id_permiso`, `valor`) VALUES (2, 406, -1);
INSERT INTO `db_hr_control_system`.`sys_roles_permisos` (`id_rol`, `id_permiso`, `valor`) VALUES (2, 407, -1);
INSERT INTO `db_hr_control_system`.`sys_roles_permisos` (`id_rol`, `id_permiso`, `valor`) VALUES (2, 408, -1);
INSERT INTO `db_hr_control_system`.`sys_roles_permisos` (`id_rol`, `id_permiso`, `valor`) VALUES (2, 409, -1);
INSERT INTO `db_hr_control_system`.`sys_roles_permisos` (`id_rol`, `id_permiso`, `valor`) VALUES (2, 410, -1);
INSERT INTO `db_hr_control_system`.`sys_roles_permisos` (`id_rol`, `id_permiso`, `valor`) VALUES (2, 411, -1);
INSERT INTO `db_hr_control_system`.`sys_roles_permisos` (`id_rol`, `id_permiso`, `valor`) VALUES (2, 501, -1);
INSERT INTO `db_hr_control_system`.`sys_roles_permisos` (`id_rol`, `id_permiso`, `valor`) VALUES (2, 502, -1);
INSERT INTO `db_hr_control_system`.`sys_roles_permisos` (`id_rol`, `id_permiso`, `valor`) VALUES (2, 503, -1);
INSERT INTO `db_hr_control_system`.`sys_roles_permisos` (`id_rol`, `id_permiso`, `valor`) VALUES (2, 504, -1);
INSERT INTO `db_hr_control_system`.`sys_roles_permisos` (`id_rol`, `id_permiso`, `valor`) VALUES (2, 2051, -1);
INSERT INTO `db_hr_control_system`.`sys_roles_permisos` (`id_rol`, `id_permiso`, `valor`) VALUES (2, 2052, -1);
INSERT INTO `db_hr_control_system`.`sys_roles_permisos` (`id_rol`, `id_permiso`, `valor`) VALUES (2, 2053, -1);
INSERT INTO `db_hr_control_system`.`sys_roles_permisos` (`id_rol`, `id_permiso`, `valor`) VALUES (2, 2054, -1);
INSERT INTO `db_hr_control_system`.`sys_roles_permisos` (`id_rol`, `id_permiso`, `valor`) VALUES (2, 2055, -1);
INSERT INTO `db_hr_control_system`.`sys_roles_permisos` (`id_rol`, `id_permiso`, `valor`) VALUES (2, 2056, -1);
INSERT INTO `db_hr_control_system`.`sys_roles_permisos` (`id_rol`, `id_permiso`, `valor`) VALUES (2, 3011, -1);
INSERT INTO `db_hr_control_system`.`sys_roles_permisos` (`id_rol`, `id_permiso`, `valor`) VALUES (2, 4071, -1);
INSERT INTO `db_hr_control_system`.`sys_roles_permisos` (`id_rol`, `id_permiso`, `valor`) VALUES (2, 4072, -1);
INSERT INTO `db_hr_control_system`.`sys_roles_permisos` (`id_rol`, `id_permiso`, `valor`) VALUES (2, 4073, -1);
INSERT INTO `db_hr_control_system`.`sys_roles_permisos` (`id_rol`, `id_permiso`, `valor`) VALUES (2, 4074, -1);
INSERT INTO `db_hr_control_system`.`sys_roles_permisos` (`id_rol`, `id_permiso`, `valor`) VALUES (2, 4075, -1);
INSERT INTO `db_hr_control_system`.`sys_roles_permisos` (`id_rol`, `id_permiso`, `valor`) VALUES (2, 4076, -1);
INSERT INTO `db_hr_control_system`.`sys_roles_permisos` (`id_rol`, `id_permiso`, `valor`) VALUES (2, 4077, -1);
INSERT INTO `db_hr_control_system`.`sys_roles_permisos` (`id_rol`, `id_permiso`, `valor`) VALUES (2, 4078, -1);
INSERT INTO `db_hr_control_system`.`sys_roles_permisos` (`id_rol`, `id_permiso`, `valor`) VALUES (2, 4079, -1);
INSERT INTO `db_hr_control_system`.`sys_roles_permisos` (`id_rol`, `id_permiso`, `valor`) VALUES (3, 1, -1);
INSERT INTO `db_hr_control_system`.`sys_roles_permisos` (`id_rol`, `id_permiso`, `valor`) VALUES (3, 2, -1);
INSERT INTO `db_hr_control_system`.`sys_roles_permisos` (`id_rol`, `id_permiso`, `valor`) VALUES (3, 3, -1);
INSERT INTO `db_hr_control_system`.`sys_roles_permisos` (`id_rol`, `id_permiso`, `valor`) VALUES (3, 4, -1);
INSERT INTO `db_hr_control_system`.`sys_roles_permisos` (`id_rol`, `id_permiso`, `valor`) VALUES (3, 5, -1);
INSERT INTO `db_hr_control_system`.`sys_roles_permisos` (`id_rol`, `id_permiso`, `valor`) VALUES (3, 101, -1);
INSERT INTO `db_hr_control_system`.`sys_roles_permisos` (`id_rol`, `id_permiso`, `valor`) VALUES (3, 102, -1);
INSERT INTO `db_hr_control_system`.`sys_roles_permisos` (`id_rol`, `id_permiso`, `valor`) VALUES (3, 103, -1);
INSERT INTO `db_hr_control_system`.`sys_roles_permisos` (`id_rol`, `id_permiso`, `valor`) VALUES (3, 104, -1);
INSERT INTO `db_hr_control_system`.`sys_roles_permisos` (`id_rol`, `id_permiso`, `valor`) VALUES (3, 105, -1);
INSERT INTO `db_hr_control_system`.`sys_roles_permisos` (`id_rol`, `id_permiso`, `valor`) VALUES (3, 201, -1);
INSERT INTO `db_hr_control_system`.`sys_roles_permisos` (`id_rol`, `id_permiso`, `valor`) VALUES (3, 202, -1);
INSERT INTO `db_hr_control_system`.`sys_roles_permisos` (`id_rol`, `id_permiso`, `valor`) VALUES (3, 203, -1);
INSERT INTO `db_hr_control_system`.`sys_roles_permisos` (`id_rol`, `id_permiso`, `valor`) VALUES (3, 204, -1);
INSERT INTO `db_hr_control_system`.`sys_roles_permisos` (`id_rol`, `id_permiso`, `valor`) VALUES (3, 205, -1);
INSERT INTO `db_hr_control_system`.`sys_roles_permisos` (`id_rol`, `id_permiso`, `valor`) VALUES (3, 206, -1);
INSERT INTO `db_hr_control_system`.`sys_roles_permisos` (`id_rol`, `id_permiso`, `valor`) VALUES (3, 207, -1);
INSERT INTO `db_hr_control_system`.`sys_roles_permisos` (`id_rol`, `id_permiso`, `valor`) VALUES (3, 208, -1);
INSERT INTO `db_hr_control_system`.`sys_roles_permisos` (`id_rol`, `id_permiso`, `valor`) VALUES (3, 209, -1);
INSERT INTO `db_hr_control_system`.`sys_roles_permisos` (`id_rol`, `id_permiso`, `valor`) VALUES (3, 210, -1);
INSERT INTO `db_hr_control_system`.`sys_roles_permisos` (`id_rol`, `id_permiso`, `valor`) VALUES (3, 211, -1);
INSERT INTO `db_hr_control_system`.`sys_roles_permisos` (`id_rol`, `id_permiso`, `valor`) VALUES (3, 212, -1);
INSERT INTO `db_hr_control_system`.`sys_roles_permisos` (`id_rol`, `id_permiso`, `valor`) VALUES (3, 301, -1);
INSERT INTO `db_hr_control_system`.`sys_roles_permisos` (`id_rol`, `id_permiso`, `valor`) VALUES (3, 302, -1);
INSERT INTO `db_hr_control_system`.`sys_roles_permisos` (`id_rol`, `id_permiso`, `valor`) VALUES (3, 303, -1);
INSERT INTO `db_hr_control_system`.`sys_roles_permisos` (`id_rol`, `id_permiso`, `valor`) VALUES (3, 304, -1);
INSERT INTO `db_hr_control_system`.`sys_roles_permisos` (`id_rol`, `id_permiso`, `valor`) VALUES (3, 305, -1);
INSERT INTO `db_hr_control_system`.`sys_roles_permisos` (`id_rol`, `id_permiso`, `valor`) VALUES (3, 306, -1);
INSERT INTO `db_hr_control_system`.`sys_roles_permisos` (`id_rol`, `id_permiso`, `valor`) VALUES (3, 307, -1);
INSERT INTO `db_hr_control_system`.`sys_roles_permisos` (`id_rol`, `id_permiso`, `valor`) VALUES (3, 401, -1);
INSERT INTO `db_hr_control_system`.`sys_roles_permisos` (`id_rol`, `id_permiso`, `valor`) VALUES (3, 402, -1);
INSERT INTO `db_hr_control_system`.`sys_roles_permisos` (`id_rol`, `id_permiso`, `valor`) VALUES (3, 404, -1);
INSERT INTO `db_hr_control_system`.`sys_roles_permisos` (`id_rol`, `id_permiso`, `valor`) VALUES (3, 405, -1);
INSERT INTO `db_hr_control_system`.`sys_roles_permisos` (`id_rol`, `id_permiso`, `valor`) VALUES (3, 406, -1);
INSERT INTO `db_hr_control_system`.`sys_roles_permisos` (`id_rol`, `id_permiso`, `valor`) VALUES (3, 407, -1);
INSERT INTO `db_hr_control_system`.`sys_roles_permisos` (`id_rol`, `id_permiso`, `valor`) VALUES (3, 408, -1);
INSERT INTO `db_hr_control_system`.`sys_roles_permisos` (`id_rol`, `id_permiso`, `valor`) VALUES (3, 409, -1);
INSERT INTO `db_hr_control_system`.`sys_roles_permisos` (`id_rol`, `id_permiso`, `valor`) VALUES (3, 410, -1);
INSERT INTO `db_hr_control_system`.`sys_roles_permisos` (`id_rol`, `id_permiso`, `valor`) VALUES (3, 411, -1);
INSERT INTO `db_hr_control_system`.`sys_roles_permisos` (`id_rol`, `id_permiso`, `valor`) VALUES (3, 501, -1);
INSERT INTO `db_hr_control_system`.`sys_roles_permisos` (`id_rol`, `id_permiso`, `valor`) VALUES (3, 502, -1);
INSERT INTO `db_hr_control_system`.`sys_roles_permisos` (`id_rol`, `id_permiso`, `valor`) VALUES (3, 503, -1);
INSERT INTO `db_hr_control_system`.`sys_roles_permisos` (`id_rol`, `id_permiso`, `valor`) VALUES (3, 504, -1);
INSERT INTO `db_hr_control_system`.`sys_roles_permisos` (`id_rol`, `id_permiso`, `valor`) VALUES (3, 2051, -1);
INSERT INTO `db_hr_control_system`.`sys_roles_permisos` (`id_rol`, `id_permiso`, `valor`) VALUES (3, 2052, -1);
INSERT INTO `db_hr_control_system`.`sys_roles_permisos` (`id_rol`, `id_permiso`, `valor`) VALUES (3, 2053, -1);
INSERT INTO `db_hr_control_system`.`sys_roles_permisos` (`id_rol`, `id_permiso`, `valor`) VALUES (3, 2054, -1);
INSERT INTO `db_hr_control_system`.`sys_roles_permisos` (`id_rol`, `id_permiso`, `valor`) VALUES (3, 2055, -1);
INSERT INTO `db_hr_control_system`.`sys_roles_permisos` (`id_rol`, `id_permiso`, `valor`) VALUES (3, 2056, -1);
INSERT INTO `db_hr_control_system`.`sys_roles_permisos` (`id_rol`, `id_permiso`, `valor`) VALUES (3, 3011, -1);
INSERT INTO `db_hr_control_system`.`sys_roles_permisos` (`id_rol`, `id_permiso`, `valor`) VALUES (3, 4071, -1);
INSERT INTO `db_hr_control_system`.`sys_roles_permisos` (`id_rol`, `id_permiso`, `valor`) VALUES (3, 4072, -1);
INSERT INTO `db_hr_control_system`.`sys_roles_permisos` (`id_rol`, `id_permiso`, `valor`) VALUES (3, 4073, -1);
INSERT INTO `db_hr_control_system`.`sys_roles_permisos` (`id_rol`, `id_permiso`, `valor`) VALUES (3, 4074, -1);
INSERT INTO `db_hr_control_system`.`sys_roles_permisos` (`id_rol`, `id_permiso`, `valor`) VALUES (3, 4075, -1);
INSERT INTO `db_hr_control_system`.`sys_roles_permisos` (`id_rol`, `id_permiso`, `valor`) VALUES (3, 4076, -1);
INSERT INTO `db_hr_control_system`.`sys_roles_permisos` (`id_rol`, `id_permiso`, `valor`) VALUES (3, 4077, -1);
INSERT INTO `db_hr_control_system`.`sys_roles_permisos` (`id_rol`, `id_permiso`, `valor`) VALUES (3, 4078, -1);
INSERT INTO `db_hr_control_system`.`sys_roles_permisos` (`id_rol`, `id_permiso`, `valor`) VALUES (3, 4079, -1);
INSERT INTO `db_hr_control_system`.`sys_roles_permisos` (`id_rol`, `id_permiso`, `valor`) VALUES (4, 1, -1);
INSERT INTO `db_hr_control_system`.`sys_roles_permisos` (`id_rol`, `id_permiso`, `valor`) VALUES (4, 2, -1);
INSERT INTO `db_hr_control_system`.`sys_roles_permisos` (`id_rol`, `id_permiso`, `valor`) VALUES (4, 3, -1);
INSERT INTO `db_hr_control_system`.`sys_roles_permisos` (`id_rol`, `id_permiso`, `valor`) VALUES (4, 4, -1);
INSERT INTO `db_hr_control_system`.`sys_roles_permisos` (`id_rol`, `id_permiso`, `valor`) VALUES (4, 5, -1);
INSERT INTO `db_hr_control_system`.`sys_roles_permisos` (`id_rol`, `id_permiso`, `valor`) VALUES (4, 101, -1);
INSERT INTO `db_hr_control_system`.`sys_roles_permisos` (`id_rol`, `id_permiso`, `valor`) VALUES (4, 102, -1);
INSERT INTO `db_hr_control_system`.`sys_roles_permisos` (`id_rol`, `id_permiso`, `valor`) VALUES (4, 103, -1);
INSERT INTO `db_hr_control_system`.`sys_roles_permisos` (`id_rol`, `id_permiso`, `valor`) VALUES (4, 104, -1);
INSERT INTO `db_hr_control_system`.`sys_roles_permisos` (`id_rol`, `id_permiso`, `valor`) VALUES (4, 105, -1);
INSERT INTO `db_hr_control_system`.`sys_roles_permisos` (`id_rol`, `id_permiso`, `valor`) VALUES (4, 201, -1);
INSERT INTO `db_hr_control_system`.`sys_roles_permisos` (`id_rol`, `id_permiso`, `valor`) VALUES (4, 202, -1);
INSERT INTO `db_hr_control_system`.`sys_roles_permisos` (`id_rol`, `id_permiso`, `valor`) VALUES (4, 203, -1);
INSERT INTO `db_hr_control_system`.`sys_roles_permisos` (`id_rol`, `id_permiso`, `valor`) VALUES (4, 204, -1);
INSERT INTO `db_hr_control_system`.`sys_roles_permisos` (`id_rol`, `id_permiso`, `valor`) VALUES (4, 205, -1);
INSERT INTO `db_hr_control_system`.`sys_roles_permisos` (`id_rol`, `id_permiso`, `valor`) VALUES (4, 206, -1);
INSERT INTO `db_hr_control_system`.`sys_roles_permisos` (`id_rol`, `id_permiso`, `valor`) VALUES (4, 207, -1);
INSERT INTO `db_hr_control_system`.`sys_roles_permisos` (`id_rol`, `id_permiso`, `valor`) VALUES (4, 208, -1);
INSERT INTO `db_hr_control_system`.`sys_roles_permisos` (`id_rol`, `id_permiso`, `valor`) VALUES (4, 209, -1);
INSERT INTO `db_hr_control_system`.`sys_roles_permisos` (`id_rol`, `id_permiso`, `valor`) VALUES (4, 210, -1);
INSERT INTO `db_hr_control_system`.`sys_roles_permisos` (`id_rol`, `id_permiso`, `valor`) VALUES (4, 211, -1);
INSERT INTO `db_hr_control_system`.`sys_roles_permisos` (`id_rol`, `id_permiso`, `valor`) VALUES (4, 212, -1);
INSERT INTO `db_hr_control_system`.`sys_roles_permisos` (`id_rol`, `id_permiso`, `valor`) VALUES (4, 301, -1);
INSERT INTO `db_hr_control_system`.`sys_roles_permisos` (`id_rol`, `id_permiso`, `valor`) VALUES (4, 302, -1);
INSERT INTO `db_hr_control_system`.`sys_roles_permisos` (`id_rol`, `id_permiso`, `valor`) VALUES (4, 303, -1);
INSERT INTO `db_hr_control_system`.`sys_roles_permisos` (`id_rol`, `id_permiso`, `valor`) VALUES (4, 304, -1);
INSERT INTO `db_hr_control_system`.`sys_roles_permisos` (`id_rol`, `id_permiso`, `valor`) VALUES (4, 305, -1);
INSERT INTO `db_hr_control_system`.`sys_roles_permisos` (`id_rol`, `id_permiso`, `valor`) VALUES (4, 306, -1);
INSERT INTO `db_hr_control_system`.`sys_roles_permisos` (`id_rol`, `id_permiso`, `valor`) VALUES (4, 307, -1);
INSERT INTO `db_hr_control_system`.`sys_roles_permisos` (`id_rol`, `id_permiso`, `valor`) VALUES (4, 401, -1);
INSERT INTO `db_hr_control_system`.`sys_roles_permisos` (`id_rol`, `id_permiso`, `valor`) VALUES (4, 402, -1);
INSERT INTO `db_hr_control_system`.`sys_roles_permisos` (`id_rol`, `id_permiso`, `valor`) VALUES (4, 404, -1);
INSERT INTO `db_hr_control_system`.`sys_roles_permisos` (`id_rol`, `id_permiso`, `valor`) VALUES (4, 405, -1);
INSERT INTO `db_hr_control_system`.`sys_roles_permisos` (`id_rol`, `id_permiso`, `valor`) VALUES (4, 406, -1);
INSERT INTO `db_hr_control_system`.`sys_roles_permisos` (`id_rol`, `id_permiso`, `valor`) VALUES (4, 407, -1);
INSERT INTO `db_hr_control_system`.`sys_roles_permisos` (`id_rol`, `id_permiso`, `valor`) VALUES (4, 408, -1);
INSERT INTO `db_hr_control_system`.`sys_roles_permisos` (`id_rol`, `id_permiso`, `valor`) VALUES (4, 409, -1);
INSERT INTO `db_hr_control_system`.`sys_roles_permisos` (`id_rol`, `id_permiso`, `valor`) VALUES (4, 410, -1);
INSERT INTO `db_hr_control_system`.`sys_roles_permisos` (`id_rol`, `id_permiso`, `valor`) VALUES (4, 411, -1);
INSERT INTO `db_hr_control_system`.`sys_roles_permisos` (`id_rol`, `id_permiso`, `valor`) VALUES (4, 501, -1);
INSERT INTO `db_hr_control_system`.`sys_roles_permisos` (`id_rol`, `id_permiso`, `valor`) VALUES (4, 502, -1);
INSERT INTO `db_hr_control_system`.`sys_roles_permisos` (`id_rol`, `id_permiso`, `valor`) VALUES (4, 503, -1);
INSERT INTO `db_hr_control_system`.`sys_roles_permisos` (`id_rol`, `id_permiso`, `valor`) VALUES (4, 504, -1);
INSERT INTO `db_hr_control_system`.`sys_roles_permisos` (`id_rol`, `id_permiso`, `valor`) VALUES (4, 2051, -1);
INSERT INTO `db_hr_control_system`.`sys_roles_permisos` (`id_rol`, `id_permiso`, `valor`) VALUES (4, 2052, -1);
INSERT INTO `db_hr_control_system`.`sys_roles_permisos` (`id_rol`, `id_permiso`, `valor`) VALUES (4, 2053, -1);
INSERT INTO `db_hr_control_system`.`sys_roles_permisos` (`id_rol`, `id_permiso`, `valor`) VALUES (4, 2054, -1);
INSERT INTO `db_hr_control_system`.`sys_roles_permisos` (`id_rol`, `id_permiso`, `valor`) VALUES (4, 2055, -1);
INSERT INTO `db_hr_control_system`.`sys_roles_permisos` (`id_rol`, `id_permiso`, `valor`) VALUES (4, 2056, -1);
INSERT INTO `db_hr_control_system`.`sys_roles_permisos` (`id_rol`, `id_permiso`, `valor`) VALUES (4, 3011, -1);
INSERT INTO `db_hr_control_system`.`sys_roles_permisos` (`id_rol`, `id_permiso`, `valor`) VALUES (4, 4071, -1);
INSERT INTO `db_hr_control_system`.`sys_roles_permisos` (`id_rol`, `id_permiso`, `valor`) VALUES (4, 4072, -1);
INSERT INTO `db_hr_control_system`.`sys_roles_permisos` (`id_rol`, `id_permiso`, `valor`) VALUES (4, 4073, -1);
INSERT INTO `db_hr_control_system`.`sys_roles_permisos` (`id_rol`, `id_permiso`, `valor`) VALUES (4, 4074, -1);
INSERT INTO `db_hr_control_system`.`sys_roles_permisos` (`id_rol`, `id_permiso`, `valor`) VALUES (4, 4075, -1);
INSERT INTO `db_hr_control_system`.`sys_roles_permisos` (`id_rol`, `id_permiso`, `valor`) VALUES (4, 4076, -1);
INSERT INTO `db_hr_control_system`.`sys_roles_permisos` (`id_rol`, `id_permiso`, `valor`) VALUES (4, 4077, -1);
INSERT INTO `db_hr_control_system`.`sys_roles_permisos` (`id_rol`, `id_permiso`, `valor`) VALUES (4, 4078, -1);
INSERT INTO `db_hr_control_system`.`sys_roles_permisos` (`id_rol`, `id_permiso`, `valor`) VALUES (4, 4079, -1);

COMMIT;


-- -----------------------------------------------------
-- Data for table `db_hr_control_system`.`hr_derechos_vacaciones`
-- -----------------------------------------------------
START TRANSACTION;
USE `db_hr_control_system`;
INSERT INTO `db_hr_control_system`.`hr_derechos_vacaciones` (`inicio`, `fin`, `dias`) VALUES (1, 1, 12);
INSERT INTO `db_hr_control_system`.`hr_derechos_vacaciones` (`inicio`, `fin`, `dias`) VALUES (2, 2, 14);
INSERT INTO `db_hr_control_system`.`hr_derechos_vacaciones` (`inicio`, `fin`, `dias`) VALUES (3, 3, 16);
INSERT INTO `db_hr_control_system`.`hr_derechos_vacaciones` (`inicio`, `fin`, `dias`) VALUES (4, 4, 18);
INSERT INTO `db_hr_control_system`.`hr_derechos_vacaciones` (`inicio`, `fin`, `dias`) VALUES (5, 5, 20);
INSERT INTO `db_hr_control_system`.`hr_derechos_vacaciones` (`inicio`, `fin`, `dias`) VALUES (6, 10, 22);
INSERT INTO `db_hr_control_system`.`hr_derechos_vacaciones` (`inicio`, `fin`, `dias`) VALUES (11, 15, 24);
INSERT INTO `db_hr_control_system`.`hr_derechos_vacaciones` (`inicio`, `fin`, `dias`) VALUES (16, 20, 26);
INSERT INTO `db_hr_control_system`.`hr_derechos_vacaciones` (`inicio`, `fin`, `dias`) VALUES (21, 25, 28);
INSERT INTO `db_hr_control_system`.`hr_derechos_vacaciones` (`inicio`, `fin`, `dias`) VALUES (26, 30, 30);
INSERT INTO `db_hr_control_system`.`hr_derechos_vacaciones` (`inicio`, `fin`, `dias`) VALUES (31, 35, 32);
INSERT INTO `db_hr_control_system`.`hr_derechos_vacaciones` (`inicio`, `fin`, `dias`) VALUES (36, 40, 34);
INSERT INTO `db_hr_control_system`.`hr_derechos_vacaciones` (`inicio`, `fin`, `dias`) VALUES (41, 45, 36);
INSERT INTO `db_hr_control_system`.`hr_derechos_vacaciones` (`inicio`, `fin`, `dias`) VALUES (46, 50, 38);

COMMIT;

